date,year,month,otp_indigo,otp_airindia,otp_spicejet,otp_vistara,otp_akasa,plf_indigo,plf_airindia
2021-07-29,2021,7,99.8,99.0,90.3,98.7,,60.2,56.0
2021-07-30,2021,7,94.4,92.9,85.9,99.0,,61.5,59.0
2021-08-03,2021,8,97.3,91.2,97.6,95.5,,73.6,75.0
2021-08-04,2021,8,95.1,87.4,97.2,97.1,,71.5,78.0
2021-08-05,2021,8,98.9,95.2,100.0,100.0,,72.8,77.0
2021-08-06,2021,8,94.5,88.9,84.9,92.7,,74.9,77.0
2021-08-07,2021,8,95.8,90.7,92.4,98.1,,78.9,81.0
2021-08-09,2021,8,98.5,95.5,96.6,99.1,,72.2,69.0
2021-08-10,2021,8,98.9,93.7,92.8,93.6,,71.6,68.0
2021-08-12,2021,8,99.6,98.0,96.2,98.0,,73.2,70.4
2021-08-13,2021,8,87.1,85.5,89.2,94.6,,77.6,73.7
2021-08-14,2021,8,97.9,97.3,94.8,95.5,,81.1,81.8
2021-08-15,2021,8,98.5,96.1,83.1,100.0,,76.1,72.3
2021-08-16,2021,8,99.4,91.5,91.6,98.3,,72.2,70.4
2021-08-17,2021,8,99.0,98.2,93.8,99.1,,71.3,61.3
2021-08-18,2021,8,99.0,91.3,91.0,96.7,,73.4,68.4
2021-08-19,2021,8,98.8,96.3,93.3,97.4,,75.0,69.9
2021-08-20,2021,8,94.8,90.4,82.9,92.4,,75.5,72.3
2021-08-21,2021,8,94.7,91.1,80.0,95.7,,74.9,68.4
2021-08-22,2021,8,99.1,89.6,86.5,93.2,,74.7,71.3
2021-08-26,2021,8,98.3,95.6,88.3,98.3,,72.2,60.0
2021-08-27,2021,8,96.7,93.0,86.4,96.7,,72.2,63.6
2021-08-28,2021,8,98.2,95.3,88.0,96.6,,74.4,67.4
2021-08-29,2021,8,99.0,96.2,89.2,98.2,,74.3,68.2
2021-09-17,2021,9,98.4,90.4,82.7,94.7,,73.4,63.4
2021-09-24,2021,9,95.8,90.9,94.4,97.7,,74.1,66.3
2021-09-26,2021,9,94.4,94.2,91.6,95.4,,79.6,75.4
2021-09-27,2021,9,95.5,92.6,82.4,97.7,,69.3,60.3
2021-09-29,2021,9,96.8,91.4,90.0,97.7,,72.8,62.4
2021-10-01,2021,10,91.3,83.4,75.5,88.6,,76.8,69.3
2021-10-02,2021,10,94.6,85.8,89.0,91.0,,77.6,72.4
2021-10-03,2021,10,91.8,83.8,83.5,93.3,,77.1,73.3
2021-10-04,2021,10,97.2,88.8,89.0,97.7,,72.4,63.4
2021-10-07,2021,10,93.0,86.9,88.0,95.5,,75.0,71.4
2021-10-15,2021,10,93.9,88.7,86.4,98.3,,74.7,78.4
2021-10-09,2021,10,86.4,70.1,86.0,93.3,,82.1,82.4
2021-10-18,2021,10,87.4,84.8,70.4,87.4,,81.5,83.3
2021-10-26,2021,10,93.5,87.5,88.1,95.4,,74.5,74.8
2021-10-27,2021,10,92.1,81.9,86.2,92.6,,76.5,79.4
2021-11-05,2021,11,94.5,88.4,70.7,97.0,,66.4,76.6
2021-11-07,2021,11,81.6,74.7,59.9,92.2,,87.2,91.6
2021-11-08,2021,11,85.0,76.6,63.9,93.8,,83.4,88.3
2021-11-15,2021,11,80.3,62.3,61.5,83.4,,83.5,88.3
2021-11-27,2021,11,73.0,62.9,63.2,77.3,,88.7,90.2
2021-11-29,2021,11,79.1,64.3,70.0,75.0,,82.5,85.6
2021-12-13,2021,12,84.3,88.8,81.8,78.1,,79.9,78.9
2021-12-26,2021,12,89.1,85.7,82.9,93.9,,84.7,81.2
2021-12-27,2021,12,86.4,80.3,76.8,92.1,,80.3,69.6
2021-12-28,2021,12,85.3,82.2,81.1,93.2,,78.1,65.8
2021-12-29,2021,12,89.6,90.5,75.5,74.6,,76.9,65.7
2021-12-30,2021,12,84.5,89.9,72.4,83.8,,77.6,72.6
2021-12-31,2021,12,89.8,92.4,81.2,90.3,,71.6,72.4
2022-01-01,2022,1,87.1,93.3,81.8,97.4,,68.0,68.7
2022-01-02,2022,1,93.4,92.4,87.4,90.9,,77.6,82.7
2022-01-03,2022,1,85.7,86.5,78.4,95.2,,75.1,71.4
2022-01-04,2022,1,90.7,92.7,85.1,93.8,,68.4,62.3
2022-01-06,2022,1,90.8,88.8,77.8,92.5,,64.1,59.6
2022-01-05,2022,1,86.4,90.3,79.7,88.5,,66.4,60.2
2022-01-07,2022,1,85.2,92.7,89.5,94.4,,66.5,63.3
2022-01-08,2022,1,93.5,84.6,85.2,93.9,,65.8,67.4
2022-01-09,2022,1,96.7,88.1,87.3,94.3,,65.7,66.3
2022-01-10,2022,1,94.4,97.1,94.4,98.3,,63.0,59.6
2022-01-11,2022,1,95.1,93.6,87.1,98.9,,62.0,57.4
2022-01-12,2022,1,96.1,96.5,95.9,95.1,,63.5,56.8
2022-01-13,2022,1,95.6,92.4,88.9,92.8,,55.8,55.6
2022-01-14,2022,1,94.8,90.1,90.6,97.2,,57.1,57.3
2022-01-15,2022,1,96.4,90.5,90.9,97.1,,54.4,59.8
2022-01-16,2022,1,89.2,92.0,92.9,99.1,,58.2,60.3
2022-01-17,2022,1,95.8,95.2,87.1,91.8,,60.2,60.4
2022-01-19,2022,1,96.9,94.4,91.8,94.4,,65.3,53.4
2022-01-18,2022,1,97.1,97.3,90.6,95.4,,65.2,55.2
2022-01-20,2022,1,94.8,91.5,88.5,89.7,,65.7,57.7
2022-01-21,2022,1,93.6,95.1,84.2,93.2,,65.5,60.3
2022-01-22,2022,1,94.2,94.8,94.8,96.1,,66.3,64.4
2022-01-23,2022,1,95.1,94.4,92.6,94.3,,67.3,62.2
2022-01-24,2022,1,96.8,98.2,92.4,90.2,,66.2,57.1
2022-01-25,2022,1,97.2,97.4,92.0,94.0,,69.7,57.5
2022-01-26,2022,1,98.4,95.7,98.9,95.6,,75.1,66.8
2022-01-27,2022,1,99.0,91.3,96.3,100.0,,69.9,64.4
2022-01-28,2022,1,97.4,92.9,91.9,99.0,,72.6,66.3
2022-01-29,2022,1,97.9,96.1,95.3,94.9,,73.6,73.2
2022-01-30,2022,1,98.2,94.4,92.5,97.4,,74.7,73.4
2022-01-31,2022,1,96.2,94.1,90.1,92.5,,72.6,73.2
2022-02-01,2022,2,90.1,82.8,89.6,78.0,,77.3,70.6
2022-02-02,2022,2,91.7,90.4,95.9,87.0,,79.2,75.6
2022-02-03,2022,2,96.7,92.4,90.1,82.4,,81.6,78.3
2022-02-04,2022,2,92.4,82.4,95.8,94.4,,80.5,82.2
2022-02-05,2022,2,89.7,88.4,88.3,85.7,,84.5,87.3
2022-02-06,2022,2,96.1,90.2,82.5,95.1,,88.3,87.4
2022-02-07,2022,2,97.1,93.7,95.7,98.3,,82.6,82.3
2022-02-08,2022,2,96.5,96.4,91.3,89.5,,83.5,83.2
2022-02-09,2022,2,97.7,94.7,95.0,92.7,,83.3,82.7
2022-02-10,2022,2,91.9,94.8,90.4,91.5,,85.1,87.3
2022-02-12,2022,2,98.3,91.2,84.8,92.6,,87.0,92.3
2022-02-11,2022,2,95.7,92.2,66.4,91.3,,85.6,89.4
2022-02-13,2022,2,98.4,94.7,91.9,96.8,,86.8,91.7
2022-02-14,2022,2,97.8,92.4,97.4,95.8,,83.8,86.8
2022-02-15,2022,2,97.9,97.3,94.6,97.6,,84.9,85.6
2022-02-17,2022,2,94.0,90.4,91.4,92.2,,84.9,85.8
2022-02-16,2022,2,97.3,91.1,89.3,91.5,,84.7,86.3
2022-02-18,2022,2,94.8,92.4,87.4,94.6,,85.7,89.3
2022-02-19,2022,2,96.2,92.0,86.5,89.9,,88.0,92.3
2022-02-21,2022,2,86.6,82.1,90.2,89.0,,86.2,88.3
2022-02-23,2022,2,98.1,95.3,96.0,93.3,,82.7,87.3
2022-02-24,2022,2,94.8,88.8,83.2,95.0,,85.6,88.2
2022-02-25,2022,2,93.9,83.8,91.4,92.3,,88.4,93.4
2022-02-26,2022,2,95.0,73.5,93.4,91.7,,90.8,94.8
2022-03-01,2022,3,98.5,97.3,95.0,96.4,,77.0,85.7
2022-03-02,2022,3,96.2,96.4,96.3,92.9,,76.9,85.3
2022-03-06,2022,3,94.1,95.4,94.1,91.3,,85.0,87.8
2022-03-10,2022,3,95.4,92.6,96.4,94.8,,79.9,84.4
2022-03-11,2022,3,90.5,87.6,82.1,89.6,,82.6,87.8
2022-03-14,2022,3,95.2,95.1,97.7,99.4,,81.7,86.6
2022-03-18,2022,3,98.5,97.4,90.0,97.8,,70.6,80.7
2022-03-19,2022,3,97.5,93.1,93.8,95.2,,73.8,86.4
2022-03-20,2022,3,97.9,93.0,92.6,95.7,,83.8,91.4
2022-03-21,2022,3,85.0,82.8,90.3,91.4,,85.2,89.8
2022-03-22,2022,3,96.5,94.6,87.9,98.8,,81.9,87.8
2022-03-23,2022,3,95.0,91.9,92.1,95.3,,82.7,88.7
2022-03-25,2022,3,94.7,96.5,89.7,90.2,,86.4,91.3
2022-03-26,2022,3,96.5,94.7,88.8,96.9,,88.0,90.4
2022-03-27,2022,3,92.1,89.8,86.2,97.5,,87.0,82.8
2022-03-28,2022,3,71.0,89.8,84.3,95.7,,78.5,82.4
2022-03-31,2022,3,99.4,86.0,91.4,96.9,,77.4,80.7
2022-04-01,2022,4,91.5,81.5,90.3,96.9,,76.2,80.6
2022-04-03,2022,4,95.9,87.5,93.4,96.8,,79.7,81.7
2022-04-04,2022,4,92.8,81.0,86.7,92.6,,73.6,75.3
2022-04-06,2022,4,94.1,98.3,90.9,96.8,,77.6,76.3
2022-04-05,2022,4,95.7,95.7,98.3,98.7,,74.9,75.4
2022-04-07,2022,4,91.9,90.6,81.4,96.2,,77.5,77.4
2022-04-08,2022,4,90.5,89.9,95.6,96.8,,81.8,82.3
2022-04-09,2022,4,88.7,81.7,92.9,89.2,,83.5,83.2
2022-04-10,2022,4,90.2,87.8,82.5,94.8,,85.6,84.2
2022-04-11,2022,4,90.9,92.9,89.8,96.3,,79.8,79.3
2022-04-13,2022,4,88.7,76.1,91.2,90.2,,84.1,79.7
2022-04-21,2022,4,91.4,85.1,89.0,93.8,,73.6,77.4
2022-04-30,2022,4,87.6,79.8,90.2,93.2,,81.8,86.3
2022-05-11,2022,5,85.6,86.0,90.6,95.7,,80.4,79.6
2022-05-13,2022,5,85.7,80.2,80.2,92.6,,83.6,83.4
2022-05-14,2022,5,84.4,77.1,80.0,96.3,,86.5,87.3
2022-05-15,2022,5,79.0,96.4,76.4,94.4,,86.8,85.4
2022-05-16,2022,5,81.2,92.7,75.9,91.5,,84.7,85.4
2022-06-02,2022,6,85.0,93.7,89.5,88.2,,78.9,82.6
2022-11-29,2022,11,88.2,92.9,81.5,86.8,95.5,85.9,92.4
2022-12-03,2022,12,90.1,91.4,82.4,83.3,97.7,88.8,94.7
2023-01-03,2023,1,77.4,89.8,80.0,87.7,70.6,83.7,92.2
2023-01-07,2023,1,85.6,77.1,80.4,76.6,90.2,84.4,92.2
2023-02-01,2023,2,91.1,88.5,79.8,75.0,72.4,81.5,94.3
2023-02-02,2023,2,88.8,76.9,57.7,87.0,83.6,80.6,93.2
2023-02-19,2023,2,92.1,79.1,68.8,87.0,91.0,89.1,94.4
2023-02-18,2023,2,88.6,83.5,81.8,81.0,95.5,86.3,95.3
2023-03-04,2023,3,94.1,73.8,80.2,89.0,92.3,89.5,94.2
2023-03-05,2023,3,96.9,81.5,80.0,90.0,98.5,88.7,92.4
2023-03-06,2023,3,93.3,90.6,84.0,89.0,85.1,83.5,89.3
2023-03-09,2023,3,92.7,81.5,80.2,89.0,85.7,79.9,87.3
2023-03-10,2023,3,94.7,90.7,84.7,96.0,97.1,84.3,89.2
2023-03-11,2023,3,95.4,81.0,83.5,88.0,98.6,86.9,92.3
2023-03-12,2023,3,93.0,90.1,83.3,75.0,97.1,90.0,93.2
2023-03-13,2023,3,96.1,86.8,83.0,91.5,89.9,87.7,95.2
2023-03-14,2023,3,96.6,94.0,82.4,89.4,94.2,87.2,93.4
2023-03-15,2023,3,95.4,90.2,82.6,85.1,98.5,87.7,94.2
2023-03-17,2023,3,93.3,86.8,83.0,84.3,97.2,89.3,95.3
2023-03-18,2023,3,93.3,86.8,82.7,82.1,93.0,88.5,95.4
2023-03-19,2023,3,83.8,71.9,85.3,69.0,91.3,88.7,94.5
2023-03-20,2023,3,84.4,71.9,82.8,68.9,95.7,85.4,92.4
2023-03-21,2023,3,84.4,68.9,84.8,78.1,85.3,81.7,88.5
2023-03-22,2023,3,97.6,83.8,65.6,90.2,100.0,82.3,89.4
2023-03-23,2023,3,97.5,90.2,61.6,91.2,98.6,81.0,89.6
2023-03-24,2023,3,91.3,79.1,72.2,78.3,97.1,81.9,90.2
2023-03-25,2023,3,88.5,83.1,69.6,71.4,87.0,86.2,92.3
2023-03-26,2023,3,92.1,92.6,64.1,83.5,96.9,85.0,89.4
2023-03-27,2023,3,96.7,94.0,73.9,87.9,98.5,80.7,88.3
2023-03-28,2023,3,95.6,90.1,80.0,94.3,100.0,76.4,85.4
2023-03-29,2023,3,92.4,90.6,71.4,84.9,96.8,77.7,85.3
2023-03-30,2023,3,86.9,79.5,52.6,76.0,98.4,78.8,85.4
2023-03-31,2023,3,90.3,89.3,47.2,84.0,98.4,82.8,91.3
2023-04-01,2023,4,90.8,93.2,65.3,93.1,92.3,85.4,90.4
2023-04-02,2023,4,95.7,92.9,73.7,90.0,96.9,86.6,90.3
2023-04-03,2023,4,94.5,94.7,82.2,92.5,96.9,82.9,88.4
2023-04-04,2023,4,86.1,92.7,74.7,92.6,90.8,82.8,89.3
2023-04-05,2023,4,91.6,89.5,85.7,89.4,100.0,84.3,89.4
2023-04-06,2023,4,91.5,96.7,80.0,92.5,96.9,86.9,93.2
2023-04-07,2023,4,95.9,96.0,81.3,93.5,98.5,89.3,93.3
2023-04-08,2023,4,94.3,99.3,75.0,90.8,98.5,88.4,92.5
2023-04-09,2023,4,90.6,95.5,80.0,89.5,92.3,91.6,92.4
2023-04-10,2023,4,92.5,92.1,81.3,91.4,95.4,91.0,94.2
2023-04-11,2023,4,92.5,94.7,75.6,91.5,98.5,87.3,92.3
2023-04-12,2023,4,96.4,90.1,77.6,89.6,87.5,86.2,90.3
2023-04-14,2023,4,94.8,92.1,80.9,86.3,96.9,87.2,90.3
2023-04-15,2023,4,91.3,93.2,86.5,93.8,98.5,85.3,90.5
2023-04-16,2023,4,93.2,90.9,64.4,83.2,94.0,89.7,93.3
2023-04-17,2023,4,93.1,85.0,82.0,90.9,89.9,87.4,92.4
2023-04-18,2023,4,92.1,96.7,62.8,94.4,95.6,83.9,90.3
2023-04-19,2023,4,90.3,90.9,59.8,86.1,100.0,84.8,91.4
2023-04-20,2023,4,85.0,85.4,69.8,82.5,89.7,85.8,90.3
2023-04-21,2023,4,86.9,88.9,70.9,85.6,94.2,87.1,93.2
2023-04-22,2023,4,90.5,92.5,65.9,86.4,97.1,85.8,89.2
2023-04-23,2023,4,85.2,91.6,67.8,79.9,95.6,88.9,89.3
2023-04-24,2023,4,85.9,87.6,52.8,79.0,98.5,87.9,90.2
2023-04-25,2023,4,86.1,88.9,58.6,84.1,94.2,87.4,90.3
2023-04-26,2023,4,90.9,90.9,69.0,80.5,98.5,89.2,93.0
2023-04-27,2023,4,81.1,86.9,60.9,82.1,95.7,89.3,94.0
2023-04-28,2023,4,80.7,86.3,65.5,79.2,81.2,90.8,93.0
2023-04-29,2023,4,85.3,90.5,75.8,93.9,94.2,91.6,93.2
2023-04-30,2023,4,81.5,91.1,71.8,77.8,94.8,92.1,93.3
2023-05-01,2023,5,79.8,79.5,61.2,89.4,89.9,91.8,92.4
2023-05-02,2023,5,87.1,87.4,61.0,92.9,87.3,90.2,92.3
2023-05-03,2023,5,81.9,74.2,67.9,75.0,93.2,91.8,94.0
2023-05-04,2023,5,91.6,82.2,74.4,93.5,98.7,92.1,93.4
2023-05-05,2023,5,93.2,88.5,75.6,96.4,97.3,92.3,94.2
2023-05-06,2023,5,88.3,88.3,71.7,95.3,93.3,91.7,95.3
2023-05-07,2023,5,90.2,79.4,68.7,87.8,94.7,92.2,95.2
2023-05-08,2023,5,93.3,89.2,70.5,92.9,93.3,88.9,96.0
2023-05-09,2023,5,90.9,95.6,70.6,95.4,97.3,90.6,95.0
2023-05-10,2023,5,89.9,91.2,65.4,85.6,100.0,91.2,95.2
2023-05-11,2023,5,90.0,90.5,69.9,91.5,98.7,91.2,95.3
2023-05-12,2023,5,93.3,86.5,71.4,89.1,96.0,91.7,94.3
2023-05-13,2023,5,93.3,86.5,71.4,89.1,96.0,91.7,94.3
2023-05-14,2023,5,93.9,83.7,74.1,89.0,78.7,92.6,95.3
2023-05-15,2023,5,91.6,80.4,77.8,88.8,92.1,91.4,96.0
2023-05-16,2023,5,93.1,89.2,78.1,93.2,98.7,90.7,96.0
2023-05-17,2023,5,94.7,79.1,78.0,92.3,85.5,91.5,93.3
2023-05-18,2023,5,90.1,86.6,78.0,95.6,97.5,91.4,96.0
2023-05-19,2023,5,93.2,79.0,67.5,97.8,97.5,91.8,94.0
2023-05-20,2023,5,93.9,85.8,65.9,91.3,96.2,92.5,94.0
2023-05-21,2023,5,90.6,86.0,77.1,87.7,93.7,93.2,92.0
2023-05-22,2023,5,92.7,82.7,67.5,93.0,100.0,92.0,90.0
2023-05-23,2023,5,89.6,85.8,57.5,92.0,84.8,91.1,89.0
2023-05-24,2023,5,90.4,82.2,63.3,85.8,89.7,91.9,92.0
2023-05-25,2023,5,83.2,72.2,65.0,84.3,91.1,92.2,93.0
2023-05-26,2023,5,89.1,81.4,39.2,88.2,92.4,92.4,92.0
2023-05-27,2023,5,81.0,75.6,48.8,79.4,93.7,92.9,94.2
2023-05-28,2023,5,94.6,79.6,66.7,91.7,91.1,91.8,92.3
2023-05-29,2023,5,93.5,85.2,60.2,88.7,91.1,88.8,90.2
2023-05-30,2023,5,83.2,73.6,51.2,77.4,88.6,89.1,90.2
2023-05-31,2023,5,84.4,76.1,54.3,89.6,82.1,89.9,91.0
2023-06-02,2023,6,93.1,77.8,41.3,94.6,94.8,90.9,91.3
2023-06-03,2023,6,92.5,76.4,57.0,89.4,94.8,92.2,92.2
2023-06-04,2023,6,90.7,90.8,68.0,89.2,85.6,92.6,92.4
2023-06-05,2023,6,92.9,85.2,70.7,90.0,94.8,91.3,91.3
2023-06-06,2023,6,91.0,81.3,61.1,97.1,90.8,90.6,90.2
2023-06-07,2023,6,95.1,81.3,60.0,95.8,91.1,91.1,91.3
2023-06-08,2023,6,93.1,82.1,62.3,97.0,92.2,91.7,91.2
2023-06-09,2023,6,90.5,78.1,55.9,93.4,94.9,92.6,93.0
2023-06-10,2023,6,83.5,64.0,56.2,76.2,82.1,92.7,91.3
2023-06-11,2023,6,74.9,32.3,53.1,53.9,62.8,92.0,92.3
2023-06-12,2023,6,73.9,24.5,42.2,72.7,85.5,90.9,90.4
2023-06-13,2023,6,85.0,41.7,67.2,85.5,79.8,90.1,87.3
2023-06-14,2023,6,90.9,36.0,69.4,94.8,98.7,91.2,87.6
2023-06-15,2023,6,90.4,65.4,72.7,94.0,80.8,90.7,92.4
2023-06-16,2023,6,86.5,68.7,74.2,91.8,92.3,91.3,91.8
2023-06-17,2023,6,85.8,73.7,73.8,89.2,98.7,91.8,93.0
2023-06-18,2023,6,92.3,82.5,81.4,96.6,97.3,91.5,94.3
2023-06-19,2023,6,89.8,74.1,67.7,87.6,98.7,90.5,90.6
2023-06-23,2023,6,90.7,81.1,75.8,86.5,94.9,91.3,93.4
2023-06-24,2023,6,85.6,83.3,80.0,86.6,84.6,91.9,93.2
2023-06-25,2023,6,78.6,64.8,55.6,87.9,94.9,92.3,94.7
2023-06-26,2023,6,89.2,69.8,60.0,96.5,94.6,90.8,93.6
2023-06-27,2023,6,81.8,65.6,60.6,86.0,80.8,89.7,92.2
2023-06-28,2023,6,83.5,60.4,53.6,78.9,74.7,89.7,92.8
2023-06-29,2023,6,90.4,75.6,68.6,86.8,85.9,88.3,90.6
2023-06-30,2023,6,81.7,72.2,51.6,86.2,76.9,87.5,90.6
2023-07-01,2023,7,89.6,85.4,80.9,87.7,72.7,89.6,90.1
2023-07-02,2023,7,92.1,78.0,90.6,86.9,76.3,89.3,93.1
2023-07-03,2023,7,90.4,72.0,77.6,90.2,88.5,87.6,90.3
2023-07-04,2023,7,85.2,69.8,57.1,77.6,88.5,86.0,89.2
2023-07-05,2023,7,87.0,79.9,68.1,83.4,93.4,87.1,90.8
2023-07-08,2023,7,87.8,57.1,49.3,71.6,84.2,87.9,91.7
2023-07-09,2023,7,85.9,73.3,69.8,75.6,76.8,87.1,92.1
2023-07-10,2023,7,89.1,72.4,64.7,89.0,91.5,84.7,90.5
2023-07-11,2023,7,86.8,68.8,56.2,86.6,92.6,80.5,87.2
2023-07-12,2023,7,88.7,74.2,64.7,95.7,90.0,82.4,88.6
2023-07-13,2023,7,87.7,70.0,63.8,73.6,91.5,83.0,89.2
2023-07-14,2023,7,80.4,65.4,55.7,77.9,73.2,87.0,89.7
2023-07-15,2023,7,88.5,81.5,69.9,87.7,80.5,87.7,92.0
2023-07-17,2023,7,91.5,80.6,45.6,90.8,93.9,82.0,88.0
2023-07-18,2023,7,91.6,90.1,74.1,84.1,86.4,79.4,85.0
2023-07-19,2023,7,80.3,66.5,66.7,72.4,72.0,80.9,87.0
2023-07-20,2023,7,84.8,54.3,54.8,85.3,83.5,81.2,87.0
2023-07-21,2023,7,83.1,51.6,76.3,74.2,72.0,83.4,87.0
2023-07-22,2023,7,77.5,53.3,81.0,77.8,75.6,83.6,88.6
2023-07-23,2023,7,90.0,55.7,81.4,91.3,87.8,84.6,90.4
2023-07-24,2023,7,89.1,64.1,82.5,91.4,91.5,79.7,86.3
2023-07-25,2023,7,87.0,73.8,93.0,82.2,70.4,76.9,81.4
2023-07-26,2023,7,84.8,67.7,80.6,79.8,65.0,77.1,83.2
2023-07-27,2023,7,78.6,66.1,78.7,70.8,68.3,78.8,85.0
2023-07-28,2023,7,82.6,58.2,78.0,75.2,82.9,82.1,90.4
2023-07-29,2023,7,90.1,77.4,81.8,85.6,80.8,81.4,89.3
2023-07-30,2023,7,96.3,86.7,81.4,98.7,87.2,83.5,90.0
2023-07-31,2023,7,93.3,83.8,65.5,96.9,88.0,79.4,86.0
2023-08-01,2023,8,91.2,87.4,69.8,89.0,91.8,79.1,81.2
2023-08-02,2023,8,91.2,81.1,89.1,78.2,78.3,77.6,82.1
2023-08-03,2023,8,91.2,74.5,79.2,83.7,63.4,77.9,84.2
2023-08-04,2023,8,89.6,81.3,75.0,79.6,84.3,82.3,88.2
2023-08-05,2023,8,61.7,79.8,70.7,87.7,91.4,83.6,88.4
2023-08-06,2023,8,83.6,80.9,75.3,86.8,82.9,86.7,92.4
2023-08-07,2023,8,77.1,83.2,79.4,79.8,77.1,82.5,86.2
2023-08-08,2023,8,94.3,88.3,70.8,90.7,85.9,80.1,86.0
2023-08-09,2023,8,87.6,77.6,84.5,83.8,78.3,84.2,89.2
2023-08-10,2023,8,80.5,64.4,70.0,78.0,64.3,88.4,93.0
2023-08-11,2023,8,87.5,64.2,79.5,78.8,77.1,89.4,94.0
2023-08-13,2023,8,94.8,84.7,84.0,84.3,91.4,86.9,91.0
2023-08-14,2023,8,90.1,90.7,74.6,86.0,80.0,78.1,86.0
2023-08-15,2023,8,95.4,90.7,93.1,90.9,90.1,80.0,89.2
2023-08-28,2023,8,88.7,86.4,80.3,81.5,89.4,81.3,88.3
2023-09-20,2023,9,87.9,85.2,79.4,76.3,87.9,80.8,87.3
2023-10-13,2023,10,89.4,79.5,50.0,75.3,90.9,81.5,90.4
2023-10-14,2023,10,88.2,82.9,65.9,79.8,80.3,78.9,89.7
2023-10-15,2023,10,85.6,82.7,52.6,80.5,89.4,81.7,89.5
2023-10-16,2023,10,82.4,75.2,50.6,75.7,78.8,77.9,87.6
2023-10-17,2023,10,83.0,75.4,45.7,80.4,75.5,79.1,89.2
2023-10-18,2023,10,87.4,68.9,53.3,65.8,78.5,79.8,88.3
2023-10-19,2023,10,85.6,75.8,54.4,80.0,77.3,82.1,88.6
2023-10-20,2023,10,90.7,81.4,40.2,75.0,95.5,85.8,92.2
2023-10-21,2023,10,88.8,83.7,57.3,81.0,71.2,86.0,92.4
2023-10-22,2023,10,97.0,91.0,61.6,95.1,98.5,79.6,87.7
2023-10-23,2023,10,96.2,50.0,68.4,89.4,93.9,72.9,82.4
2023-10-24,2023,10,95.9,81.5,72.4,96.8,89.6,79.1,88.2
2023-10-25,2023,10,87.5,81.1,57.1,84.0,78.5,83.9,91.7
2023-10-26,2023,10,74.2,69.9,38.5,62.8,71.2,84.5,91.3
2023-10-27,2023,10,84.6,78.1,53.8,76.1,77.3,85.0,90.5
2023-10-28,2023,10,89.7,86.3,66.3,88.4,86.4,85.9,91.5
2023-10-29,2023,10,92.8,88.6,51.7,91.2,95.6,87.4,93.4
2023-10-30,2023,10,90.3,83.3,42.9,86.5,86.6,85.7,91.6
2023-10-31,2023,10,92.4,82.7,33.3,89.8,98.6,82.4,90.4
2023-11-01,2023,11,86.0,83.0,51.7,92.5,89.0,81.3,82.3
2023-11-02,2023,11,84.6,77.3,39.2,79.6,79.4,83.8,87.7
2023-11-04,2023,11,72.0,61.2,59.8,60.7,61.2,84.5,88.2
2023-11-05,2023,11,88.7,72.8,60.0,83.9,97.0,86.6,90.7
2023-11-06,2023,11,81.1,76.2,59.8,64.9,61.8,83.2,87.4
2023-11-07,2023,11,81.1,57.3,61.5,70.4,63.8,83.2,83.2
2023-11-08,2023,11,79.2,73.4,57.7,75.4,77.9,80.2,84.6
2023-11-09,2023,11,80.2,65.2,61.0,64.9,70.6,80.7,85.4
2023-11-10,2023,11,82.2,51.7,63.5,64.7,60.3,82.4,88.2
2023-11-11,2023,11,80.5,56.3,71.1,76.3,70.6,78.3,82.7
2023-11-12,2023,11,93.7,82.6,73.6,90.5,92.8,64.2,68.3
2023-11-13,2023,11,90.8,78.2,64.1,86.8,95.7,72.6,76.4
2023-11-14,2023,11,90.0,75.8,75.5,86.9,91.3,79.5,84.5
2023-11-15,2023,11,91.0,80.8,77.1,88.2,95.7,84.2,89.6
2023-11-16,2023,11,85.4,61.3,60.6,81.0,46.4,85.9,89.8
2023-11-17,2023,11,78.4,70.6,66.3,74.1,85.3,87.1,92.1
2023-11-18,2023,11,74.1,54.6,59.0,70.1,76.5,90.1,94.5
2023-11-19,2023,11,69.8,64.3,55.4,64.2,73.1,91.7,95.4
2023-11-20,2023,11,73.1,63.6,59.6,66.0,69.7,91.6,96.4
2023-11-21,2023,11,72.5,60.5,57.3,61.8,68.1,91.0,94.6
2023-11-22,2023,11,72.2,69.7,56.3,79.7,78.8,91.7,95.4
2023-11-23,2023,11,82.3,65.8,60.4,79.0,86.8,92.2,94.4
2023-11-25,2023,11,78.7,68.9,54.0,76.4,92.6,93.6,95.7
2023-11-27,2023,11,72.9,60.8,53.2,59.8,72.1,91.7,94.6
2023-11-26,2023,11,72.5,60.1,55.4,65.1,76.5,93.2,94.3
2023-11-28,2023,11,73.2,61.8,57.6,79.1,94.2,90.2,93.1
2023-11-30,2023,11,69.8,52.9,56.0,67.4,76.5,89.4,94.2
2023-12-01,2023,12,86.0,42.4,53.6,72.5,68.1,89.5,90.7
2023-12-02,2023,12,73.5,44.2,54.4,69.5,84.1,90.0,92.6
2023-12-03,2023,12,73.5,44.2,54.4,69.5,84.1,90.0,92.6
2023-12-04,2023,12,63.7,65.1,59.7,80.0,81.8,90.4,88.4
2023-12-06,2023,12,60.1,38.8,47.1,75.9,82.6,92.5,93.6
2023-12-07,2023,12,59.9,50.0,61.5,69.5,68.1,91.8,93.6
2023-12-08,2023,12,68.1,59.8,52.9,64.7,78.3,90.9,93.1
2023-12-10,2023,12,83.6,73.2,65.9,80.1,88.4,90.9,93.5
2023-12-11,2023,12,75.7,73.6,73.8,77.2,81.2,89.5,90.7
2023-12-13,2023,12,80.2,75.8,55.9,89.0,79.7,90.8,92.6
2023-12-14,2023,12,83.0,67.3,53.4,77.9,92.8,91.3,93.5
2023-12-12,2023,12,80.2,79.9,51.1,81.4,87.1,89.2,91.8
2023-12-15,2023,12,77.0,47.9,54.0,71.9,80.6,91.1,93.6
2023-12-16,2023,12,79.0,65.6,57.1,82.3,70.8,91.5,94.4
2023-12-18,2023,12,76.5,59.5,51.2,72.2,59.7,91.1,92.7
2023-12-19,2023,12,73.3,54.2,54.5,68.9,69.0,90.8,94.2
2023-12-20,2023,12,73.0,55.8,62.9,66.2,72.2,92.0,94.6
2023-12-21,2023,12,79.7,54.2,61.3,72.9,83.3,91.5,94.2
2023-12-22,2023,12,81.0,59.6,51.1,81.6,77.5,91.7,94.8
2023-12-25,2023,12,51.0,38.8,48.3,41.4,65.3,91.3,92.6
2023-12-23,2023,12,70.9,70.2,65.9,67.9,77.7,92.0,93.1
2023-12-26,2023,12,54.5,46.4,46.7,61.0,47.9,89.3,93.4
2023-12-28,2023,12,52.7,33.2,49.0,64.3,55.7,91.8,95.2
2023-12-27,2023,12,46.2,43.5,41.0,58.0,56.9,90.7,92.6
2023-12-29,2023,12,58.9,47.2,48.9,71.1,62.5,89.9,93.7
2023-12-30,2023,12,68.1,63.8,56.5,80.6,75.0,88.3,91.3
2023-12-31,2023,12,84.1,75.8,62.6,95.0,91.5,86.3,88.0
2024-01-01,2024,1,66.3,54.9,71.1,73.3,73.6,83.8,88.5
2024-01-02,2024,1,56.6,59.5,58.1,67.8,65.3,86.3,90.4
2024-01-03,2024,1,71.6,68.7,71.6,86.6,91.4,87.1,89.1
2024-01-04,2024,1,74.8,57.8,69.2,77.7,77.1,87.5,89.8
2024-01-05,2024,1,71.7,62.8,68.9,77.7,80.6,88.4,92.1
2024-01-06,2024,1,69.4,61.4,67.0,72.6,84.7,89.9,92.6
2024-01-07,2024,1,80.1,68.1,67.0,73.4,86.1,91.3,95.3
2024-01-08,2024,1,62.5,47.6,65.6,63.1,74.3,89.53,94.2
2024-01-09,2024,1,66.7,68.3,69.4,88.3,88.8,87.7,89.2
2024-01-10,2024,1,69.4,59.6,63.2,68.6,73.2,89.0,92.6
2024-01-11,2024,1,76.8,63.8,71.6,82.35,74.6,89.2,92.2
2024-01-12,2024,1,50.8,42.5,57.0,51.9,65.7,88.7,93.4
2024-01-13,2024,1,50.4,46.8,51.8,58.0,62.7,90.5,91.8
2024-01-14,2024,1,21.0,46.8,42.68,29.6,41.8,90.5,91.8
2024-01-15,2024,1,22.1,18.6,42.68,54.3,66.2,92.6,95.5
2024-01-16,2024,1,22.1,18.6,42.68,54.3,66.2,92.8,95.2
2024-01-17,2024,1,43.7,61.9,51.8,77.8,75.6,91.1,94.8
2024-01-18,2024,1,43.7,61.9,51.8,82.47,75.6,91.2,95.0
2024-01-19,2024,1,56.8,37.7,61.4,64.6,72.2,92.5,96.2
2024-01-20,2024,1,59.5,39.6,40.7,59.1,73.6,92.6,96.1
2024-01-21,2024,1,60.1,37.7,39.5,58.2,77.8,91.5,95.3
2024-01-22,2024,1,73.5,51.9,46.3,56.3,74.7,91.5,95.3
2024-01-23,2024,1,62.8,46.5,52.6,67.0,59.7,89.7,94.3
2024-01-24,2024,1,70.7,53.5,60.0,71.1,75.7,90.3,94.7
2024-01-25,2024,1,70.7,58.6,59.6,74.2,73.6,90.3,95.8
2024-01-26,2024,1,74.3,66.2,51.1,70.2,66.7,89.9,92.4
2024-01-27,2024,1,74.2,63.3,56.5,67.0,75.7,87.6,90.2
2024-01-28,2024,1,72.0,67.2,61.4,75.0,75.7,89.9,94.6
2024-01-29,2024,1,82.9,64.1,58.4,80.3,83.1,88.8,93.1
2024-01-30,2024,1,69.8,49.4,51.2,77.3,83.8,87.7,90.6
2024-01-31,2024,1,61.3,39.4,43.0,55.4,57.5,88.4,90.3
2024-02-01,2024,2,47.7,29.5,45.8,55.6,67.1,88.9,92.1
2024-02-02,2024,2,58.9,29.8,52.9,52.5,69.9,88.7,89.5
2024-02-03,2024,2,63.7,51.8,59.0,66.7,76.7,90.4,92.9
2024-02-04,2024,2,79.1,60.2,48.6,74.9,80.8,90.5,92.8
2024-02-05,2024,2,71.3,43.1,60.8,71.0,78.1,89.4,90.2
2024-02-06,2024,2,68.2,59.3,71.3,69.2,43.1,87.3,88.3
2024-02-07,2024,2,72.7,68.4,67.5,78.5,80.8,88.6,90.6
2024-02-08,2024,2,78.8,64.7,79.3,72.3,79.5,89.1,92.7
2024-02-09,2024,2,75.0,61.6,75.0,73.2,78.1,89.1,93.5
2024-02-10,2024,2,74.7,58.8,86.4,69.2,63.0,90.1,93.9
2024-02-11,2024,2,76.8,46.6,62.5,56.6,73.5,90.2,93.1
2024-02-12,2024,2,75.1,52.9,59.7,69.5,72.9,88.3,92.7
2024-02-13,2024,2,71.6,59.2,71.4,65.3,72.6,86.0,89.6
2024-02-14,2024,2,71.6,59.8,72.8,84.6,74.0,86.0,88.8
2024-02-15,2024,2,80.2,52.7,71.6,65.6,60.6,89.2,93.2
2024-02-16,2024,2,74.7,69.4,69.0,77.8,84.5,89.9,93.8
2024-02-17,2024,2,77.8,64.5,84.1,62.4,70.4,90.4,93.9
2024-02-18,2024,2,87.6,71.1,78.9,73.7,85.9,90.9,94.5
2024-02-19,2024,2,79.7,56.1,64.0,59.6,69.0,88.9,92.6
2024-02-21,2024,2,80.7,73.8,66.7,70.9,79.2,88.9,94.3
2024-02-22,2024,2,77.9,67.3,69.0,72.0,76.1,88.4,92.2
2024-02-23,2024,2,73.9,62.9,68.6,63.0,61.1,89.1,93.7
2024-02-24,2024,2,69.7,52.4,63.9,54.4,61.1,89.3,94.6
2024-02-25,2024,2,75.4,64.2,67.9,65.6,69.4,89.1,94.7
2024-02-26,2024,2,82.6,66.2,73.3,64.3,72.2,87.0,92.3
2024-02-27,2024,2,88.6,77.3,71.6,76.7,95.9,85.0,90.1
2024-02-28,2024,2,79.8,80.2,54.7,76.7,91.8,86.6,89.8
2024-02-29,2024,2,77.5,70.8,75.0,61.9,75.0,86.8,91.2
2024-03-01,2024,3,76.0,59.1,76.2,61.9,70.4,86.5,89.6
2024-03-02,2024,3,67.7,60.6,61.0,61.0,60.6,85.9,87.6
2024-03-03,2024,3,75.8,74.6,59.2,82.1,91.6,87.4,91.0
2024-03-04,2024,3,69.0,64.7,59.5,72.1,73.2,85.4,87.5
2024-03-05,2024,3,80.7,80.0,63.9,86.1,90.3,84.9,87.5
2024-03-06,2024,3,77.1,74.0,72.9,67.9,90.3,86.1,89.5
2024-03-07,2024,3,76.9,61.9,72.6,65.3,71.8,87.4,90.5
2024-03-08,2024,3,79.8,75.4,67.1,66.5,85.9,86.8,90.4
2024-03-09,2024,3,82.9,82.9,83.1,65.0,81.7,86.2,90.2
2024-03-10,2024,3,87.8,84.5,73.1,81.1,90.1,88.6,93.4
2024-03-11,2024,3,88.2,88.4,77.6,89.5,98.6,85.6,90.6
2024-03-12,2024,3,86.9,85.6,68.0,83.6,83.3,83.3,87.2
2024-03-13,2024,3,77.8,73.4,63.5,75.4,83.3,84.2,86.6
2024-03-14,2024,3,77.4,79.8,60.7,81.3,85.9,86.0,88.0
2024-03-15,2024,3,80.4,78.0,64.3,86.0,94.4,88.7,89.0
2024-03-16,2024,3,82.5,73.7,63.1,84.8,80.3,89.2,90.1
2024-03-17,2024,3,91.9,85.1,71.1,91.2,88.7,89.7,91.0
2024-03-18,2024,3,86.2,79.2,53.5,85.4,87.3,87.1,88.2
2024-03-19,2024,3,79.4,81.6,51.2,87.0,86.1,84.7,86.3
2024-03-20,2024,3,78.0,80.9,63.4,79.9,84.7,86.7,89.7
2024-03-21,2024,3,77.5,73.4,68.8,74.4,73.2,87.4,89.6
2024-03-22,2024,3,87.4,77.8,64.2,83.7,84.5,88.4,91.3
2024-03-24,2024,3,87.4,87.9,85.2,88.9,90.1,82.3,86.2
2024-03-25,2024,3,92.7,91.0,79.5,91.1,98.6,72.7,79.8
2024-03-26,2024,3,90.6,87.4,84.0,82.27,91.7,79.7,87.2
2024-03-27,2024,3,85.9,80.9,82.7,81.9,93.1,81.2,87.6
2024-03-28,2024,3,88.0,80.9,76.8,81.9,94.4,83.6,88.4
2024-03-29,2024,3,85.7,77.8,73.5,71.8,88.9,84.2,87.4
2024-03-30,2024,3,75.9,66.3,50.6,52.2,72.2,84.6,86.7
2024-03-31,2024,3,81.3,75.7,55.4,62.0,88.9,84.9,92.3
2024-04-01,2024,4,81.2,70.2,70.9,51.4,77.8,87.6,90.2
2024-04-02,2024,4,78.2,86.0,73.1,69.7,91.9,84.6,85.4
2024-04-03,2024,4,83.0,89.4,76.6,85.9,97.3,85.2,87.3
2024-04-04,2024,4,80.3,84.8,87.0,80.0,86.1,86.3,88.4
2024-04-05,2024,4,77.5,78.8,73.4,73.9,93.1,87.8,91.5
2024-04-06,2024,4,79.6,73.3,77.2,79.1,87.5,89.0,92.1
2024-04-07,2024,4,80.9,85.0,73.7,80.0,88.9,89.3,92.0
2024-04-08,2024,4,76.6,80.6,70.7,79.1,94.4,84.5,85.5
2024-04-09,2024,4,82.2,79.3,62.5,89.0,91.8,82.6,85.9
2024-04-10,2024,4,81.9,76.5,77.6,77.3,91.8,84.4,88.4
2024-04-11,2024,4,89.8,92.7,71.1,85.4,97.2,83.3,85.5
2024-04-12,2024,4,82.1,81.0,71.6,83.7,91.7,83.2,87.5
2024-04-13,2024,4,78.4,69.3,67.1,74.4,83.3,87.2,91.4
2024-04-14,2024,4,77.1,79.8,82.0,83.71,91.7,90.8,95.0
2024-04-15,2024,4,78.1,68.1,71.6,69.8,76.4,88.9,93.6
2024-04-16,2024,4,85.2,84.4,64.3,89.1,94.5,86.0,90.2
2024-04-17,2024,4,81.3,82.8,51.4,92.2,90.4,87.2,92.8
2024-04-18,2024,4,85.2,83.8,67.6,86.7,100.0,85.9,90.7
2024-04-19,2024,4,73.4,83.4,72.6,82.7,98.6,87.3,90.9
2024-04-20,2024,4,77.0,77.5,69.7,81.7,100.0,88.9,92.6
2024-04-21,2024,4,84.5,81.9,76.3,84.7,87.5,90.6,95.0
2024-04-22,2024,4,73.6,73.2,67.1,79.1,90.3,88.8,92.8
2024-04-24,2024,4,75.7,78.5,69.6,76.9,89.0,88.1,92.7
2024-04-25,2024,4,71.7,74.3,63.0,76.47,86.1,88.4,92.6
2024-04-26,2024,4,75.2,75.7,66.7,69.7,88.9,89.4,93.1
2024-04-27,2024,4,71.9,66.3,67.5,69.7,77.8,89.5,93.8
2024-04-28,2024,4,79.8,79.1,66.7,72.7,88.9,89.5,93.9
2024-04-30,2024,4,79.0,81.2,61.3,81.8,89.3,86.2,91.5
2024-05-01,2024,5,69.8,78.3,71.6,77.6,85.9,88.4,91.5
2024-05-02,2024,5,79.3,82.8,71.1,90.2,96.1,84.4,85.7
2024-05-03,2024,5,73.2,75.7,73.9,80.4,81.8,85.3,85.8
2024-05-04,2024,5,77.4,80.3,74.7,86.4,79.2,87.3,88.7
2024-05-05,2024,5,83.6,86.3,74.0,85.9,92.2,88.9,90.8
2024-05-06,2024,5,77.2,82.5,80.9,82.9,93.4,86.3,88.6
2024-05-07,2024,5,75.2,76.9,64.7,84.2,85.9,85.2,85.7
2024-05-08,2024,5,77.7,78.9,80.6,82.4,88.5,88.6,88.2
2024-05-09,2024,5,71.0,75.5,58.6,85.9,86.1,89.1,92.2
2024-05-10,2024,5,65.7,77.9,74.6,84.9,88.3,91.9,94.3
2024-05-11,2024,5,60.6,46.2,67.6,69.6,70.7,92.7,95.3
2024-05-12,2024,5,84.0,83.0,85.9,87.6,94.8,91.1,93.0
2024-05-13,2024,5,77.0,62.8,70.6,71.2,65.4,88.6,92.0
2024-05-14,2024,5,67.1,72.0,55.9,82.1,75.9,89.5,93.0
2024-05-15,2024,5,74.4,76.4,61.8,79.4,82.3,89.2,93.7
2024-05-16,2024,5,75.3,70.7,65.7,77.1,80.8,89.5,92.4
2024-05-17,2024,5,81.6,72.1,55.6,82.1,94.8,92.0,96.6
2024-05-18,2024,5,76.9,71.6,61.0,86.0,88.5,90.6,95.2
2024-05-19,2024,5,76.9,71.6,61.0,86.0,88.5,90.6,95.2
2024-05-20,2024,5,77.1,75.3,72.1,89.1,92.4,88.0,94.6
2024-05-22,2024,5,74.3,66.5,61.9,77.7,70.9,89.1,92.4
2024-05-23,2024,5,78.1,65.2,54.5,79.8,92.3,90.0,94.7
2024-05-24,2024,5,77.2,81.3,70.8,83.8,85.9,90.0,95.4
2024-05-25,2024,5,88.0,79.6,72.7,83.7,90.8,90.7,95.4
2024-05-26,2024,5,84.6,79.7,70.7,89.3,91.4,92.3,95.8
2024-05-27,2024,5,72.3,66.5,78.0,79.5,81.6,90.0,91.0
2024-05-28,2024,5,73.3,78.0,67.7,86.0,93.7,88.1,89.3
2024-05-29,2024,5,69.4,59.4,54.2,72.8,79.2,86.6,89.5
2024-05-30,2024,5,82.4,64.3,61.9,89.1,96.2,87.4,89.1
2024-05-31,2024,5,75.3,59.6,50.9,79.0,88.2,88.9,91.3
2024-06-01,2024,6,73.7,61.1,58.6,79.7,66.6,88.7,91.0
2024-06-02,2024,6,78.9,69.4,74.5,87.3,75.9,87.2,89.5
2024-06-04,2024,6,78.5,74.7,81.4,89.9,79.5,82.9,79.6
2024-06-05,2024,6,72.2,67.8,55.9,80.6,74.0,86.1,87.2
2024-06-06,2024,6,79.9,74.5,64.4,81.4,96.1,87.1,87.3
2024-06-07,2024,6,78.9,74.5,64.4,82.2,90.8,89.7,92.4
2024-06-08,2024,6,79.2,71.7,68.4,83.3,79.5,91.0,93.6
2024-06-09,2024,6,84.0,69.4,60.8,85.8,83.1,90.9,93.2
2024-06-10,2024,6,71.2,58.4,54.7,63.8,66.7,88.1,89.2
2024-06-11,2024,6,77.9,66.0,51.9,80.2,80.8,86.2,84.7
2024-06-12,2024,6,84.1,63.8,58.5,80.5,84.4,87.0,88.5
2024-06-13,2024,6,73.4,66.3,60.3,77.3,67.1,87.2,88.6
2024-06-14,2024,6,80.5,71.4,60.6,82.1,89.5,90.6,94.3
2024-06-15,2024,6,84.6,54.6,50.8,84.8,94.8,91.5,95.2
2024-06-16,2024,6,88.8,80.4,63.5,92.9,79.2,89.5,90.1
2024-06-17,2024,6,84.6,74.2,62.9,81.6,90.9,88.7,90.6
2024-06-18,2024,6,79.8,73.9,60.6,85.8,88.6,85.1,88.1
2024-06-19,2024,6,83.2,66.5,58.2,87.9,88.8,86.4,88.3
2024-06-20,2024,6,78.2,71.4,50.0,86.1,86.7,87.0,85.1
2024-06-21,2024,6,70.5,65.4,38.2,75.9,86.5,88.1,87.1
2024-06-22,2024,6,82.2,77.5,47.1,82.2,91.9,88.5,86.4
2024-06-23,2024,6,79.0,68.8,52.2,76.1,89.3,89.9,89.7
2024-06-24,2024,6,75.1,64.5,47.9,61.2,74.7,86.2,85.5
2024-06-25,2024,6,77.2,80.3,43.3,78.1,86.8,84.7,86.1
2024-06-26,2024,6,58.4,37.8,33.3,59.0,56.4,86.6,90.0
2024-06-29,2024,6,59.5,55.1,50.8,65.0,63.9,89.3,89.6
2024-07-01,2024,7,65.3,58.8,30.4,61.1,58.1,85.3,84.0
2024-07-02,2024,7,67.1,68.6,44.2,74.7,86.7,80.7,80.1
2024-07-03,2024,7,67.1,56.9,59.3,63.4,72.0,80.7,84.5
2024-07-04,2024,7,69.4,59.3,39.1,69.8,80.8,84.3,88.0
2024-07-05,2024,7,65.8,55.8,44.0,62.9,68.4,87.1,89.0
2024-07-06,2024,7,66.2,58.2,34.5,67.7,84.7,89.4,90.2
2024-07-07,2024,7,67.4,62.5,32.7,64.6,66.2,90.7,92.5
2024-07-08,2024,7,53.6,43.5,32.8,44.4,50.7,88.6,88.5
2024-07-09,2024,7,70.1,63.4,43.2,66.0,63.0,87.1,83.5
2024-07-10,2024,7,75.8,64.2,43.2,74.9,76.0,89.5,91.3
2024-07-11,2024,7,73.3,62.4,61.2,63.5,53.3,88.9,89.3
2024-07-12,2024,7,61.8,53.4,34.8,56.7,50.7,91.4,93.4
2024-07-13,2024,7,55.6,44.7,54.2,49.7,61.1,91.8,91.7
2024-07-14,2024,7,54.6,39.3,33.3,48.7,50.0,92.4,93.2
2024-07-15,2024,7,54.4,44.0,28.1,45.0,44.0,88.8,88.7
2024-07-16,2024,7,64.9,65.8,43.8,64.4,82.4,85.8,84.8
2024-07-17,2024,7,70.7,70.6,44.9,69.6,79.5,87.1,90.4
2024-07-18,2024,7,67.2,67.6,62.5,71.9,64.9,84.3,86.3
2024-07-19,2024,7,41.0,54.7,30.0,67.0,33.3,84.2,88.2
2024-07-20,2024,7,55.1,63.3,32.7,83.6,64.8,88.4,96.2
2024-07-21,2024,7,61.3,44.6,39.6,65.5,65.3,89.3,91.7
2024-07-22,2024,7,57.5,50.0,44.0,59.7,60.0,84.3,88.2
2024-07-23,2024,7,66.7,60.6,36.2,71.7,66.7,79.4,84.5
2024-07-24,2024,7,58.7,63.6,44.9,58.3,56.8,80.3,87.1
2024-07-25,2024,7,60.9,51.9,42.9,54.2,50.0,81.6,88.4
2024-07-26,2024,7,63.2,49.5,43.4,59.3,72.6,83.5,89.2
2024-07-27,2024,7,65.9,75.4,52.8,67.2,68.5,83.3,88.6
2024-07-28,2024,7,78.0,71.7,58.3,80.5,80.8,84.4,87.5
2024-07-30,2024,7,82.4,77.0,59.5,80.9,78.4,73.8,78.2
2024-07-31,2024,7,71.9,75.8,54.2,73.1,76.7,78.2,84.3
2024-08-01,2024,8,59.0,57.5,43.2,53.7,61.6,81.0,81.2
2024-08-03,2024,8,59.0,57.5,43.2,53.7,61.6,81.0,81.2
2024-08-04,2024,8,64.0,69.1,73.2,64.7,77.3,83.9,87.3
2024-08-05,2024,8,73.9,71.7,73.2,72.5,76.6,80.0,82.3
2024-08-06,2024,8,77.6,79.3,60.0,81.5,71.2,77.5,79.2
2024-08-07,2024,8,72.3,78.1,50.0,77.0,85.3,80.6,86.5
2024-08-08,2024,8,71.3,76.7,56.8,77.8,83.3,83.8,87.4
2024-08-09,2024,8,65.7,66.7,52.2,61.0,60.3,86.0,90.0
2024-08-10,2024,8,69.7,59.9,30.2,72.2,80.8,88.6,93.2
2024-08-11,2024,8,67.4,58.9,44.4,62.3,80.6,88.2,91.3
2024-08-12,2024,8,71.2,69.1,42.1,72.0,76.7,83.6,86.2
2024-08-13,2024,8,71.2,63.5,52.5,71.2,71.4,83.6,89.3
2024-08-14,2024,8,58.1,52.4,53.2,58.9,59.5,86.8,92.1
2024-08-15,2024,8,72.4,79.4,68.8,80.3,69.6,84.8,90.2
2024-08-16,2024,8,70.9,75.3,70.8,70.2,70.8,80.3,85.6
2024-08-17,2024,8,71.3,68.1,60.0,75.2,55.6,83.6,87.4
2024-08-18,2024,8,75.1,80.8,53.2,80.7,84.9,85.0,87.2
2024-08-19,2024,8,69.1,82.3,51.0,74.9,72.6,83.1,88.2
2024-08-29,2024,8,76.4,68.3,45.2,68.5,90.4,77.0,84.3
2024-08-30,2024,8,66.2,47.9,35.7,49.3,71.2,78.7,84.2
2024-08-31,2024,8,69.3,68.6,40.6,67.0,93.1,82.0,87.4
2024-09-01,2024,9,69.3,70.0,40.0,71.6,86.3,82.0,87.3
2024-09-02,2024,9,69.6,70.3,38.5,66.5,70.4,78.4,79.2
2024-09-03,2024,9,75.9,83.1,43.2,83.6,56.5,74.7,76.5
2024-09-04,2024,9,76.1,74.5,14.7,66.5,78.7,78.5,80.5
2024-09-05,2024,9,71.8,71.4,40.0,73.0,63.7,78.6,79.2
2024-09-06,2024,9,71.8,67.4,40.0,73.0,63.7,78.6,83.3
2024-09-07,2024,9,78.6,75.1,47.4,77.8,57.5,74.7,75.4
2024-09-08,2024,9,79.4,77.7,51.2,66.7,77.3,81.4,83.7
2024-09-09,2024,9,72.4,73.4,51.2,62.1,69.6,78.4,78.4
2024-09-10,2024,9,77.0,68.3,51.4,64.7,57.7,78.7,78.8
2024-09-12,2024,9,66.2,61.4,50.0,58.5,52.1,83.4,87.8
2024-09-11,2024,9,73.8,71.7,51.4,72.5,60.0,80.9,84.3
2024-09-13,2024,9,61.3,60.5,50.0,58.5,48.5,88.2,92.2
2024-09-14,2024,9,68.6,68.1,50.0,67.8,40.0,90.1,95.1
2024-09-15,2024,9,73.7,61.5,50.0,67.2,54.8,89.0,92.2
2024-09-16,2024,9,70.2,71.7,47.4,64.0,53.4,86.1,90.3
2024-09-17,2024,9,86.0,80.3,68.8,89.1,73.2,81.9,85.9
2024-09-18,2024,9,84.9,74.7,48.5,79.4,75.0,83.0,89.0
2024-09-19,2024,9,80.2,82.5,59.4,75.5,84.5,82.0,86.4
2024-09-20,2024,9,71.3,71.9,48.7,76.6,79.2,84.2,90.3
2024-09-21,2024,9,77.4,81.5,69.0,76.6,58.9,85.1,90.4
2024-09-22,2024,9,86.4,79.7,81.0,73.5,83.3,88.3,90.9
2024-09-23,2024,9,77.3,71.5,60.0,69.5,66.7,83.8,88.7
2024-09-24,2024,9,73.0,67.2,75.7,69.7,65.7,80.6,84.8
2024-09-25,2024,9,60.6,64.2,64.1,51.2,55.3,82.9,87.2
2024-09-26,2024,9,53.4,72.6,52.6,74.6,60.0,85.8,90.9
2024-09-27,2024,9,57.1,64.4,58.5,56.7,63.9,87.2,92.0
2024-09-28,2024,9,66.5,72.8,59.1,72.9,51.4,87.9,92.4
2024-09-29,2024,9,78.2,77.2,72.1,75.0,58.1,88.8,91.8
2024-09-30,2024,9,71.7,67.8,53.5,57.8,50.7,84.1,88.2
2024-10-01,2024,10,74.9,82.8,71.4,82.7,78.7,78.4,77.5
2024-10-02,2024,10,77.2,85.4,77.5,81.1,75.3,82.6,83.4
2024-10-03,2024,10,80.3,82.3,83.7,75.9,79.7,78.3,76.0
2024-10-04,2024,10,80.3,82.9,81.8,75.9,77.8,78.3,80.7
2024-10-05,2024,10,54.0,84.9,89.4,72.4,78.9,83.1,86.8
2024-10-06,2024,10,73.6,71.8,63.0,72.9,57.9,85.3,90.8
2024-10-07,2024,10,75.4,75.9,82.2,63.3,66.2,81.6,82.7
2024-10-08,2024,10,78.0,81.3,75.0,73.5,65.8,79.7,80.4
2024-10-09,2024,10,71.5,78.7,85.4,74.0,64.9,82.3,82.4
2024-10-10,2024,10,76.0,74.0,63.6,72.2,66.7,82.0,83.9
2024-10-11,2024,10,75.6,67.4,67.9,66.5,68.9,80.9,79.8
2024-10-12,2024,10,81.1,79.1,85.2,67.7,68.9,80.6,81.2
2024-10-13,2024,10,76.5,76.4,75.0,70.1,71.0,87.6,90.8
2024-10-14,2024,10,76.5,70.3,86.0,66.8,79.7,87.6,91.8
2024-10-15,2024,10,64.8,79.1,72.0,78.7,72.2,87.9,90.9
2024-10-16,2024,10,64.5,69.3,66.0,61.7,64.1,86.7,90.1
2024-10-17,2024,10,61.5,68.1,62.5,61.7,56.1,87.0,91.2
2024-10-18,2024,10,67.8,63.4,70.9,57.7,56.1,87.1,91.1
2024-10-19,2024,10,67.5,62.3,66.7,57.7,51.4,87.0,91.6
2024-10-20,2024,10,76.1,80.4,68.4,57.7,62.5,87.5,90.8
2024-10-21,2024,10,68.0,63.4,71.2,58.6,58.1,86.6,88.8
2024-10-22,2024,10,73.1,80.7,81.1,76.2,61.6,85.3,86.4
2024-10-23,2024,10,68.1,79.2,57.1,80.7,62.8,85.0,86.3
2024-10-24,2024,10,79.6,84.1,64.0,78.0,69.6,84.2,87.2
2024-10-25,2024,10,73.8,78.1,66.0,75.9,78.6,86.1,90.5
2024-10-26,2024,10,80.4,72.9,68.4,78.8,69.3,85.5,91.7
2024-10-27,2024,10,78.4,73.4,58.9,68.4,57.7,83.0,86.7
2024-10-28,2024,10,71.7,63.9,58.9,58.24,56.2,76.3,79.2
2024-10-29,2024,10,71.7,78.7,58.9,82.6,63.4,76.3,78.3
2024-10-30,2024,10,81.6,84.2,79.3,83.6,74.3,76.9,82.4
2024-10-31,2024,10,90.6,95.9,77.2,89.3,76.7,66.06,67.2
2024-11-01,2024,11,95.4,94.4,75.9,85.1,72.2,71.7,63.2
2024-11-02,2024,11,95.4,88.8,78.9,87.6,62.5,71.7,82.6
2024-11-03,2024,11,88.6,91.9,83.9,84.9,83.8,89.7,93.8
2024-11-04,2024,11,75.7,81.6,73.6,80.0,75.7,90.6,92.3
2024-11-05,2024,11,80.6,76.2,73.1,85.6,86.8,89.2,90.8
2024-11-06,2024,11,77.7,78.0,70.7,72.9,77.0,89.1,90.0
2024-11-07,2024,11,76.5,79.0,62.5,87.4,88.0,89.7,88.5
2024-11-08,2024,11,73.7,82.0,63.1,81.9,72.0,90.7,91.7
2024-11-09,2024,11,73.9,65.9,72.3,72.4,78.4,92.3,94.2
2024-11-10,2024,11,73.2,71.9,59.0,72.8,66.7,93.9,96.0
2024-11-11,2024,11,68.2,76.5,57.4,67.3,53.3,91.3,93.1
2024-11-12,2024,11,67.6,47.5,57.4,67.3,88.0,90.6,91.4
2024-11-13,2024,11,61.5,38.0,48.4,67.3,61.0,91.7,93.5
2024-11-14,2024,11,57.7,35.2,55.6,67.3,59.2,93.5,95.8
2024-11-15,2024,11,65.4,48.5,53.3,67.3,63.6,93.8,95.7
2024-11-16,2024,11,79.7,52.0,64.9,67.3,65.8,93.5,95.1
2024-11-17,2024,11,74.2,57.1,66.1,67.3,67.6,94.1,96.4
2024-11-18,2024,11,69.3,45.7,44.8,67.3,50.0,91.8,93.8
2024-11-19,2024,11,78.7,60.1,65.5,67.3,61.8,91.0,93.3
2024-11-20,2024,11,79.7,75.5,73.7,67.3,57.9,92.2,93.8
2024-11-21,2024,11,76.2,69.8,73.3,,58.3,92.2,94.0
2024-11-22,2024,11,84.6,70.2,81.4,,56.6,92.1,94.2
2024-11-23,2024,11,81.2,69.0,89.5,,55.6,92.7,94.6
2024-11-24,2024,11,79.2,67.0,83.9,,68.5,93.3,94.6
2024-11-25,2024,11,73.5,62.9,65.6,,56.8,92.4,92.8
2024-11-26,2024,11,71.3,67.3,74.1,,59.7,91.0,93.1
2024-11-27,2024,11,78.0,65.0,69.8,,70.9,91.3,93.0
2024-11-28,2024,11,76.6,65.1,70.2,,72.0,91.7,92.6
2024-11-29,2024,11,74.0,68.4,73.0,,67.9,92.4,94.3
2024-11-30,2024,11,74.0,73.6,71.9,,80.0,92.4,95.0
2024-12-01,2024,12,80.0,58.4,69.0,,68.1,93.7,93.8
2024-12-02,2024,12,69.1,66.9,65.5,,48.6,90.3,88.5
2024-12-03,2024,12,74.3,71.4,86.0,,46.7,89.3,86.8
2024-12-04,2024,12,79.8,81.3,76.8,,63.6,90.5,90.4
2024-12-05,2024,12,74.5,63.9,65.6,,50.0,90.5,91.5
2024-12-06,2024,12,75.4,70.4,60.0,,63.0,91.6,93.4
2024-12-07,2024,12,70.1,67.7,67.2,,41.1,92.1,94.0
2024-12-08,2024,12,67.6,61.0,63.2,,53.4,92.9,94.3
2024-12-09,2024,12,73.7,62.6,39.3,,65.8,92.0,91.3
2024-12-10,2024,12,76.6,71.1,54.1,,73.9,92.0,91.7
2024-12-11,2024,12,68.1,73.9,52.0,,39.0,92.3,92.9
2024-12-12,2024,12,69.4,74.4,51.8,,61.6,92.4,93.0
2024-12-13,2024,12,69.0,64.7,50.8,,42.7,92.9,94.2
2024-12-14,2024,12,77.7,77.5,51.6,,73.0,92.6,93.8
2024-12-15,2024,12,73.2,66.9,78.3,,69.4,93.0,94.1
2024-12-16,2024,12,74.6,66.1,63.5,,52.7,91.9,92.4
2024-12-17,2024,12,81.0,79.9,63.9,,70.7,92.0,92.4
2024-12-18,2024,12,81.7,81.8,61.3,,63.6,92.9,93.5
2024-12-19,2024,12,77.0,72.6,61.3,,54.7,92.7,94.8
2024-12-20,2024,12,76.3,68.5,54.1,,68.5,92.6,95.5
2024-12-21,2024,12,69.4,77.6,66.2,,69.3,92.7,95.3
2024-12-22,2024,12,73.4,78.2,77.0,,63.0,92.7,93.2
2024-12-23,2024,12,75.4,78.4,67.2,,72.6,91.3,89.8
2024-12-24,2024,12,78.9,81.8,65.6,,82.7,90.8,91.1
2024-12-25,2024,12,85.2,88.0,65.6,,70.1,90.8,88.4
2024-12-26,2024,12,83.9,88.4,61.3,,74.7,88.2,87.8
2024-12-27,2024,12,70.9,69.3,54.0,,62.7,89.4,87.9
2024-12-28,2024,12,77.5,85.1,75.0,,73.1,89.7,89.2
2024-12-29,2024,12,82.0,82.9,72.1,,61.4,89.9,88.4
2024-12-30,2024,12,79.6,78.8,72.3,,73.6,86.9,83.6
2025-01-01,2025,1,80.9,87.5,71.2,,72.2,83.4,79.3
2025-01-02,2025,1,75.0,72.1,54.0,,80.3,86.5,84.3
2025-01-03,2025,1,67.5,69.9,54.0,,52.0,87.6,85.1
2025-01-04,2025,1,61.6,51.2,45.6,,40.9,90.7,91.0
2025-01-05,2025,1,71.0,73.8,60.0,,69.6,92.7,95.0
2025-01-06,2025,1,58.5,66.1,46.9,,57.1,91.3,91.7
2025-01-07,2025,1,71.8,79.9,54.4,,53.5,90.6,91.7
2025-01-28,2025,1,91.1,86.7,63.5,,89.2,88.5,89.5
2025-01-29,2025,1,85.0,88.5,51.9,,80.3,88.2,90.0
2025-01-30,2025,1,85.9,80.6,68.0,,92.1,89.2,91.5
2025-01-31,2025,1,86.5,84.8,60.4,,98.7,91.0,94.5
2025-02-01,2025,2,72.8,65.3,50.9,,84.2,91.0,94.1
2025-02-02,2025,2,81.7,84.9,67.9,,76.0,91.7,94.5
2025-02-03,2025,2,82.5,76.1,72.5,,87.7,90.5,93.6
2025-02-04,2025,2,75.7,80.0,82.5,,89.3,91.0,93.6
2025-02-05,2025,2,82.4,88.7,63.6,,86.7,92.4,95.8
2025-02-06,2025,2,85.3,83.4,68.5,,94.7,92.0,95.4
2025-02-07,2025,2,91.3,89.0,61.5,,92.2,93.0,96.0
2025-02-09,2025,2,87.1,89.4,66.6,,84.0,94.3,97.2
2025-02-10,2025,2,82.0,78.8,73.2,,82.2,93.3,95.7
2025-02-11,2025,2,85.8,88.4,95.4,,84.2,91.9,94.5
2025-02-12,2025,2,83.9,87.5,79.3,,79.5,92.1,95.3
2025-02-13,2025,2,80.4,72.9,75.0,,73.7,92.4,95.1
2025-02-14,2025,2,82.4,86.4,75.0,,90.5,92.4,95.1
2025-02-15,2025,2,85.2,83.5,68.4,,98.7,92.8,96.0
2025-02-16,2025,2,87.7,88.7,72.2,,86.7,94.2,97.1
2025-02-17,2025,2,75.9,77.0,71.4,,63.2,93.1,96.0
2025-02-18,2025,2,82.5,85.3,62.3,,71.4,92.7,95.7
2025-02-19,2025,2,81.6,78.5,60.7,,71.6,93.5,96.8
2025-02-20,2025,2,68.7,62.2,69.8,,48.7,93.4,96.9
2025-02-21,2025,2,77.6,71.2,73.2,,87.0,93.3,97.2
2025-02-22,2025,2,75.9,75.4,81.8,,74.3,93.7,97.5
2025-02-23,2025,2,88.5,83.9,60.8,,82.9,93.8,96.9
2025-02-24,2025,2,79.3,80.3,70.7,,64.4,92.2,96.0
2025-02-25,2025,2,91.9,80.8,61.5,,86.1,90.9,94.7
2025-02-26,2025,2,84.2,75.2,56.0,,74.7,89.9,92.8
2025-02-27,2025,2,81.8,80.8,61.4,,80.5,88.4,92.8
2025-03-03,2025,3,76.8,76.4,78.7,,74.4,89.5,90.4
2025-03-04,2025,3,86.3,89.2,76.7,,80.5,84.3,88.5
2025-03-05,2025,3,76.3,74.3,69.5,,67.9,86.0,90.5
2025-03-06,2025,3,90.8,80.5,80.0,,79.0,86.1,89.8
2025-03-07,2025,3,90.8,88.7,90.0,,83.8,88.5,92.7
2025-03-08,2025,3,92.4,90.2,80.3,,89.6,89.0,93.0
2025-03-09,2025,3,92.1,89.4,87.5,,100.0,88.2,91.3
2025-03-10,2025,3,85.2,83.9,70.0,,77.3,84.6,88.2
2025-03-11,2025,3,91.4,88.7,78.1,,97.4,81.7,86.0
2025-03-12,2025,3,87.1,86.1,85.1,,90.4,83.7,88.0
2025-03-13,2025,3,87.1,87.8,88.2,,89.0,83.7,86.7
2025-03-14,2025,3,94.4,97.0,83.3,,93.8,73.8,62.8
2025-03-15,2025,3,73.3,91.1,80.0,,93.6,79.1,74.5
2025-03-16,2025,3,94.4,93.7,78.3,,92.1,86.9,91.5
2025-03-17,2025,3,89.5,85.2,68.3,,86.4,85.7,90.4
2025-03-18,2025,3,89.9,91.3,72.9,,94.9,85.1,90.4
2025-03-19,2025,3,89.7,84.7,72.9,,85.5,85.7,90.7
2025-03-20,2025,3,87.1,84.3,70.5,,86.7,85.7,91.5
2025-03-21,2025,3,89.1,90.4,78.7,,88.8,86.9,92.2
2025-03-22,2025,3,82.0,86.1,64.9,,87.0,86.7,89.8
2025-03-23,2025,3,93.3,96.8,83.6,,98.7,88.3,92.4
2025-03-24,2025,3,86.0,74.7,78.7,,80.5,85.1,88.2
2025-03-25,2025,3,93.1,87.3,87.7,,94.9,82.8,86.1
2025-03-26,2025,3,92.0,85.9,73.3,,91.0,83.7,88.6
2025-03-27,2025,3,89.1,87.8,84.1,,95.0,84.0,89.5
2025-03-28,2025,3,90.0,89.4,68.7,,94.9,85.2,89.5
2025-03-30,2025,3,94.7,92.6,74.0,,88.0,82.1,80.6
2025-03-31,2025,3,91.1,87.7,92.7,,94.8,81.5,83.9
2025-04-01,2025,4,92.8,93.6,62.0,,100.0,75.8,78.6
2025-04-02,2025,4,94.9,92.3,87.2,,91.4,77.3,82.8
2025-04-03,2025,4,96.5,92.0,77.6,,77.6,87.6,89.5
2025-04-07,2025,4,88.0,81.2,63.8,,85.7,85.8,87.7
2025-04-08,2025,4,74.1,63.0,52.1,,67.1,85.5,88.4
2025-04-09,2025,4,68.4,64.2,44.7,,72.0,89.0,93.0
2025-04-10,2025,4,70.6,71.6,62.5,,75.0,90.9,94.1
2025-04-11,2025,4,70.1,55.9,62.5,,72.4,89.8,93.8
2025-04-12,2025,4,61.8,36.3,50.9,,70.5,92.4,96.5
2025-04-13,2025,4,74.6,63.5,81.6,,73.7,90.9,93.0
2025-04-14,2025,4,77.6,63.9,60.8,,83.1,90.0,93.2
2025-04-15,2025,4,69.4,61.0,60.8,,72.7,89.7,93.0
2025-04-16,2025,4,63.4,50.7,55.3,,62.7,88.7,92.1
2025-04-17,2025,4,63.4,62.8,52.0,,64.6,88.7,92.8
2025-04-18,2025,4,70.9,63.6,72.5,,70.5,89.3,90.6
2025-04-19,2025,4,75.5,69.8,72.5,,75.3,88.7,89.3
2025-04-20,2025,4,72.9,59.7,72.5,,69.2,90.7,92.5
2025-04-21,2025,4,80.5,75.3,58.3,,86.1,90.2,93.6
2025-04-22,2025,4,89.2,83.7,58.3,,89.6,89.0,91.1
2025-04-23,2025,4,84.4,91.9,81.6,,86.0,88.2,90.8
2025-04-24,2025,4,87.5,90.3,68.0,,92.4,87.7,90.6
2025-04-25,2025,4,87.0,88.1,83.7,,88.5,88.9,90.9
2025-04-26,2025,4,86.9,82.8,75.9,,96.3,88.9,91.1
2025-04-27,2025,4,94.2,89.1,71.7,,89.6,89.3,90.9
2025-04-28,2025,4,75.5,62.6,60.9,,77.8,86.6,88.7
2025-04-29,2025,4,87.2,80.3,60.9,,84.6,85.1,88.0
2025-04-30,2025,4,78.6,71.8,60.9,,70.9,86.5,89.8
2025-05-01,2025,5,78.4,81.6,70.5,,81.5,87.1,87.4
2025-05-02,2025,5,65.3,81.6,60.0,,81.5,84.6,84.4
2025-05-03,2025,5,80.1,81.6,69.0,,93.8,86.6,84.8
2025-05-04,2025,5,82.6,81.6,76.7,,93.8,89.2,90.0
2025-05-05,2025,5,82.7,84.2,50.0,,93.8,86.8,87.6
2025-05-06,2025,5,86.8,84.2,66.7,,84.8,86.4,86.2
2025-05-07,2025,5,80.1,78.7,65.8,,64.2,88.1,90.6
2025-05-08,2025,5,90.0,88.5,64.7,,75.3,87.4,90.5
2025-05-09,2025,5,85.8,81.7,54.8,,75.3,87.5,89.3
2025-05-10,2025,5,87.6,93.2,55.6,,75.3,85.6,86.6
2025-05-11,2025,5,93.0,89.8,66.0,,82.7,83.6,82.8
2025-05-12,2025,5,96.2,95.8,66.7,,96.5,81.1,78.8
2025-05-13,2025,5,93.5,91.5,69.4,,91.6,77.7,74.6
2025-05-14,2025,5,96.6,95.3,72.1,,96.4,79.9,76.9
2025-05-15,2025,5,96.6,91.1,54.5,,83.3,79.9,79.4
2025-05-16,2025,5,87.2,84.7,63.0,,85.4,83.2,81.9
2025-05-17,2025,5,85.5,80.5,66.1,,90.8,83.9,81.8
2025-05-18,2025,5,95.0,92.4,66.1,,90.6,85.3,86.4
2025-05-19,2025,5,91.9,92.4,77.6,,85.4,82.3,82.7
2025-05-20,2025,5,85.8,88.4,68.8,,72.2,81.3,82.6
2025-05-21,2025,5,79.9,74.7,30.0,,64.8,81.3,86.9
2025-05-22,2025,5,76.4,75.8,49.0,,65.8,85.8,88.2
2025-05-23,2025,5,77.8,79.7,59.6,,80.2,88.2,90.6
2025-05-24,2025,5,90.3,86.0,55.0,,90.5,89.6,89.5
2025-05-25,2025,5,66.0,58.7,27.5,,72.9,90.4,92.2
2025-05-26,2025,5,69.1,51.9,19.6,,61.4,87.0,88.3
2025-05-27,2025,5,77.7,77.2,51.0,,80.5,85.5,86.8
2025-05-28,2025,5,77.1,77.2,58.1,,65.9,86.3,88.3
2025-05-29,2025,5,77.0,71.4,51.2,,65.5,86.4,87.6
2025-05-30,2025,5,87.0,79.5,60.0,,87.1,88.2,89.3
2025-05-31,2025,5,82.4,83.1,62.8,,77.8,89.9,90.3
2025-06-01,2025,6,77.8,66.8,64.7,,61.9,90.1,90.8
2025-06-02,2025,6,86.3,66.8,50.0,,88.1,86.9,87.7
2025-06-03,2025,6,84.1,86.7,58.0,,90.5,87.0,89.4
2025-06-04,2025,6,84.0,86.7,51.4,,89.7,87.9,91.4
2025-06-05,2025,6,87.9,76.6,73.0,,78.3,89.1,92.0
2025-06-06,2025,6,84.9,78.9,60.5,,83.3,89.8,92.4
2025-06-07,2025,6,86.8,85.7,83.3,,86.6,88.8,92.4
2025-06-08,2025,6,93.4,89.4,92.5,,90.1,88.2,91.0
2025-06-09,2025,6,88.2,86.3,77.8,,85.7,87.3,89.0
2025-06-10,2025,6,90.7,86.7,75.7,,92.9,85.6,89.1
2025-06-11,2025,6,88.7,84.4,81.1,,84.5,84.9,88.6
2025-06-12,2025,6,86.5,84.4,56.4,,95.2,87.0,90.4
2025-06-13,2025,6,83.8,60.9,63.2,,77.8,88.8,90.2
2025-06-14,2025,6,87.7,67.1,60.5,,72.8,89.1,89.4
2025-06-15,2025,6,76.6,60.5,51.4,,78.1,89.3,89.6
2025-06-16,2025,6,74.4,60.5,61.5,,64.7,87.5,86.9
2025-06-17,2025,6,75.7,54.6,66.7,,85.9,83.6,82.7
2025-06-18,2025,6,82.3,62.9,52.6,,70.2,84.0,84.3
2025-06-19,2025,6,82.2,62.9,47.2,,76.8,83.3,83.4
2025-06-20,2025,6,87.4,62.9,75.0,,91.5,84.8,85.8
2025-06-21,2025,6,93.1,62.9,60.0,,94.1,84.9,83.8
2025-06-22,2025,6,83.9,62.9,70.3,,91.7,86.3,86.3
2025-06-23,2025,6,76.2,62.9,76.2,,86.9,81.9,83.2
2025-06-24,2025,6,87.3,62.9,75.8,,86.9,81.0,78.5
2025-06-25,2025,6,91.5,62.9,70.3,,81.2,83.2,82.7
2025-06-26,2025,6,82.4,62.9,60.5,,83.1,84.4,83.0
2025-06-27,2025,6,88.7,62.9,71.1,,90.7,84.8,85.4
2025-06-28,2025,6,88.4,62.9,71.1,,91.4,85.0,82.2
2025-06-29,2025,6,88.7,80.7,76.9,,85.4,84.8,83.2
2025-06-30,2025,6,84.3,80.7,77.1,,84.2,81.8,79.5
2025-07-01,2025,7,89.9,80.8,88.2,,92.3,83.1,80.6
2025-07-02,2025,7,90.1,84.5,90.6,,88.9,83.2,78.7
2025-07-03,2025,7,89.2,84.5,81.8,,88.8,84.1,81.9
2025-07-04,2025,7,81.8,84.5,53.3,,87.3,86.8,84.4
2025-07-05,2025,7,90.4,84.5,62.9,,89.9,87.2,84.2
2025-07-06,2025,7,92.7,84.5,65.7,,96.0,89.0,88.2
2025-07-07,2025,7,87.1,78.6,65.6,,96.0,86.5,85.5
2025-07-08,2025,7,86.5,78.6,90.6,,96.2,85.2,84.6
2025-07-09,2025,7,89.8,79.3,87.9,,85.0,86.7,85.8
2025-07-10,2025,7,90.5,78.8,70.3,,71.3,87.2,87.4
2025-07-11,2025,7,95.9,86.7,76.3,,89.9,88.2,88.4
2025-07-12,2025,7,93.6,86.7,80.6,,91.4,88.8,88.5
2025-07-13,2025,7,95.0,81.8,73.2,,85.5,88.7,88.9
2025-07-14,2025,7,87.7,77.1,73.0,,68.4,86.0,86.5
2025-07-15,2025,7,90.3,81.1,75.0,,89.9,84.6,85.4
2025-07-16,2025,7,92.0,84.2,85.0,,91.3,84.4,84.2
2025-07-17,2025,7,91.4,84.2,84.1,,81.5,83.5,83.8
2025-07-18,2025,7,90.3,84.2,73.8,,91.1,85.1,86.8
2025-07-19,2025,7,90.3,88.8,51.4,,92.8,85.1,84.2
2025-07-20,2025,7,90.3,95.2,56.4,,78.1,85.1,84.8
2025-07-21,2025,7,80.8,81.0,61.8,,61.7,82.7,81.0
2025-07-22,2025,7,80.8,81.0,82.9,,85.9,82.7,79.6
2025-07-23,2025,7,90.8,81.0,80.0,,87.8,82.1,83.2
2025-07-24,2025,7,94.7,81.0,63.2,,92.4,81.8,83.5
2025-07-25,2025,7,87.4,81.0,56.3,,86.3,86.0,87.8
2025-07-26,2025,7,91.3,81.0,57.1,,89.2,85.1,83.8
2025-07-27,2025,7,91.3,81.0,73.7,,93.9,85.1,84.0
2025-07-28,2025,7,93.3,81.0,81.1,,87.7,81.0,82.1
2025-07-29,2025,7,90.9,81.0,71.4,,98.7,77.7,79.5
2025-07-30,2025,7,93.2,81.0,52.6,,81.5,81.0,82.6
2025-07-31,2025,7,88.8,81.0,80.6,,84.8,83.0,87.3
2025-08-01,2025,8,94.9,81.0,73.5,,86.3,84.8,86.5
2025-08-02,2025,8,95.9,81.0,54.3,,83.8,85.4,86.8
2025-08-03,2025,8,97.3,81.0,82.9,,94.9,88.3,89.8
2025-08-04,2025,8,89.3,81.4,70.6,,92.6,85.4,90.4
2025-08-05,2025,8,91.2,81.4,73.3,,96.3,84.2,86.9
2025-08-06,2025,8,91.8,85.8,89.2,,90.5,86.2,88.6
2025-08-07,2025,8,86.3,87.4,79.5,,79.5,87.4,91.3
2025-08-08,2025,8,92.2,87.4,84.6,,94.9,89.3,93.2
2025-08-09,2025,8,87.9,71.9,84.1,,87.7,85.6,89.2
2025-08-10,2025,8,94.5,90.3,87.0,,92.5,87.7,89.1
2025-08-11,2025,8,93.8,86.6,81.1,,92.2,85.9,90.2
2025-08-12,2025,8,94.5,90.1,94.9,,97.6,85.5,89.8
2025-08-13,2025,8,85.3,85.7,75.0,,90.5,86.8,89.9
2025-08-14,2025,8,70.5,72.9,57.1,,84.3,87.1,92.1
2025-08-15,2025,8,91.9,84.9,75.7,,92.5,86.8,87.6
2025-08-16,2025,8,91.9,84.9,87.5,,91.3,86.8,81.3
2025-08-17,2025,8,91.1,84.9,67.6,,91.1,89.9,93.6
2025-08-18,2025,8,79.0,63.2,60.5,,73.2,88.9,93.5
2025-08-19,2025,8,71.4,64.7,60.5,,59.3,87.6,92.4
2025-08-20,2025,8,84.2,64.7,60.0,,74.7,88.2,91.1
2025-08-21,2025,8,92.7,86.9,69.2,,81.5,86.7,92.2
2025-08-22,2025,8,92.0,90.2,80.0,,86.7,87.3,91.8
2025-08-23,2025,8,91.7,85.3,70.0,,69.6,87.8,91.7
2025-08-24,2025,8,95.2,85.3,87.2,,87.2,87.6,90.4
2025-08-25,2025,8,89.5,80.1,70.3,,90.1,82.7,84.9
2025-08-26,2025,8,92.0,85.2,80.0,,95.0,77.1,78.3
2025-08-27,2025,8,95.8,95.8,89.7,,95.6,75.2,72.4
2025-08-28,2025,8,95.0,95.8,89.7,,94.9,75.3,78.2
2025-08-29,2025,8,88.7,81.7,78.0,,94.7,79.1,80.4
2025-08-30,2025,8,94.0,81.7,77.5,,98.7,82.3,83.4
2025-08-31,2025,8,94.7,81.7,88.89,,97.4,86.5,89.2
2025-09-01,2025,9,81.8,79.9,74.3,,85.3,81.7,85.3
2025-09-02,2025,9,86.8,77.3,65.8,,94.8,70.7,82.9
2025-09-03,2025,9,81.7,77.3,69.2,,78.5,81.3,86.1
2025-09-04,2025,9,86.0,77.3,51.4,,85.9,83.8,89.6
2025-09-05,2025,9,86.0,73.6,51.4,,84.0,85.2,87.4
2025-09-06,2025,9,87.7,73.6,72.1,,77.3,81.1,81.1
2025-09-07,2025,9,94.7,86.6,77.5,,97.3,85.6,88.7
2025-09-08,2025,9,90.0,80.1,73.2,,94.7,83.2,87.2
2025-09-09,2025,9,94.0,83.1,78.4,,97.4,79.3,83.3
2025-09-10,2025,9,94.1,84.8,68.3,,88.5,83.4,88.6
2025-09-11,2025,9,90.3,84.0,89.2,,94.9,83.6,88.7
2025-09-12,2025,9,92.4,84.0,71.1,,93.4,86.1,89.6
2025-09-13,2025,9,93.5,91.5,78.1,,94.7,85.3,86.9
2025-09-14,2025,9,93.4,87.7,79.4,,93.4,86.4,86.2
2025-09-15,2025,9,69.7,60.9,59.4,,47.4,83.5,86.6
2025-09-16,2025,9,91.6,87.8,65.5,,93.8,80.4,82.9
2025-09-17,2025,9,82.2,63.8,60.0,,87.7,80.7,84.8
2025-09-18,2025,9,84.6,70.4,58.8,,87.7,80.4,85.6
2025-09-19,2025,9,87.9,80.8,67.6,,85.9,82.3,85.3
2025-09-20,2025,9,88.6,83.9,73.0,,92.0,83.1,83.5
2025-09-21,2025,9,89.6,87.8,86.8,,87.0,82.8,81.7
2025-09-22,2025,9,90.4,88.7,78.4,,93.8,76.2,75.3
2025-09-23,2025,9,88.8,91.9,84.2,,88.8,88.8,81.2
2025-09-25,2025,9,78.3,80.1,76.9,,84.0,82.5,83.6
2025-09-26,2025,9,83.1,80.1,81.0,,91.0,84.8,87.3
2025-09-27,2025,9,82.6,70.7,67.4,,92.2,86.4,87.0
2025-09-28,2025,9,80.5,61.7,65.3,,80.52,83.8,81.0
2025-09-29,2025,9,80.0,75.7,80.0,,86.1,77.2,75.8
2025-09-30,2025,9,76.5,69.2,64.4,,72.8,76.8,77.0
2025-10-01,2025,10,85.8,69.2,84.6,,89.9,75.2,66.5
2025-10-02,2025,10,90.5,81.6,62.3,,80.0,75.2,64.8
2025-10-03,2025,10,91.8,88.4,64.0,,87.5,76.7,67.7
2025-10-04,2025,10,87.7,88.4,75.9,,75.7,81.9,77.4
2025-10-05,2025,10,88.6,88.4,62.0,,71.4,89.2,90.9
2025-10-06,2025,10,84.6,79.2,67.4,,76.9,87.6,89.1
2025-10-07,2025,10,79.1,64.9,59.5,,72.4,85.8,87.1
2025-10-08,2025,10,80.0,79.3,65.1,,81.5,85.2,83.7
2025-10-09,2025,10,83.8,83.4,67.4,,84.2,83.6,82.8
2025-10-10,2025,10,84.6,87.4,81.1,,68.8,82.3,79.3
2025-10-11,2025,10,90.6,88.3,58.7,,88.8,83.6,78.9
2025-10-12,2025,10,96.0,91.5,60.0,,93.5,86.8,85.3
2025-10-13,2025,10,88.9,87.1,65.0,,81.8,83.0,79.6
2025-10-14,2025,10,84.6,87.1,64.3,,82.9,81.5,82.7
2025-10-15,2025,10,78.8,87.1,58.8,,79.5,83.1,82.6
2025-10-16,2025,10,77.2,75.9,60.9,,84.2,83.5,82.0
2025-10-17,2025,10,78.3,75.9,60.0,,72.8,85.3,85.0
2025-10-18,2025,10,74.7,74.3,60.4,,73.5,85.6,83.6
2025-10-19,2025,10,89.5,88.8,70.5,,85.7,77.9,71.0
2025-10-20,2025,10,92.8,89.3,81.3,,80.0,67.2,57.3
2025-10-21,2025,10,89.2,93.4,80.0,,94.9,71.0,61.5
2025-10-22,2025,10,89.1,87.9,80.9,,84.3,77.5,72.5
2025-10-23,2025,10,91.9,92.5,80.8,,95.2,80.4,73.6
2025-10-24,2025,10,81.5,80.4,67.3,,83.3,80.4,77.9
2025-10-25,2025,10,77.2,85.3,69.1,,80.3,91.0,86.0
2025-10-26,2025,10,81.9,85.3,71.1,,82.9,91.0,91.4
2025-10-27,2025,10,72.0,73.3,75.6,,81.9,89.0,87.2
2025-10-28,2025,10,73.8,73.7,60.0,,78.8,87.5,86.1
2025-10-29,2025,10,64.2,75.9,60.4,,77.4,86.5,87.5
2025-10-30,2025,10,73.3,,50.0,,72.3,86.3,88.0
2025-10-31,2025,10,68.6,56.0,63.0,,75.3,87.9,91.0
2025-11-01,2025,11,66.9,67.3,55.4,,76.5,89.9,91.0
2025-11-02,2025,11,72.1,71.9,55.4,,50.0,90.8,90.8
2025-11-03,2025,11,64.2,71.9,60.0,,61.9,87.0,87.3
2025-11-04,2025,11,61.2,60.4,68.3,,65.1,87.3,88.1
2025-11-05,2025,11,63.0,64.1,70.0,,81.0,88.9,92.0
2025-11-06,2025,11,71.7,72.6,57.1,,95.2,88.2,92.7
2025-11-07,2025,11,52.8,49.6,50.7,,61.6,89.8,94.1
2025-11-08,2025,11,59.4,74.6,62.8,,73.5,92.0,95.6
2025-11-09,2025,11,66.9,80.0,60.8,,78.8,91.7,94.6
2025-11-10,2025,11,76.1,80.0,59.7,,68.7,89.1,92.2
2025-11-11,2025,11,76.8,74.9,68.7,,80.5,84.8,89.5
2025-11-12,2025,11,76.7,69.0,65.7,,83.7,85.8,89.3
2025-11-13,2025,11,77.1,71.8,62.2,,75.3,85.7,91.0
2025-11-14,2025,11,69.8,71.8,56.9,,74.4,88.9,94.1
2025-11-15,2025,11,72.0,70.7,55.1,,74.7,89.9,93.4
2025-11-16,2025,11,79.5,68.8,70.5,,74.1,90.3,94.8
2025-11-17,2025,11,74.6,64.2,65.4,,74.7,88.0,92.3
2025-11-18,2025,11,81.8,83.1,73.0,,86.1,84.9,92.2
2025-11-19,2025,11,77.5,74.0,61.0,,89.5,88.2,94.1
2025-11-20,2025,11,78.9,85.7,68.1,,69.6,89.0,94.0
2025-11-21,2025,11,70.3,72.0,64.0,,80.0,90.7,95.4
2025-11-22,2025,11,66.2,71.6,59.0,,85.5,90.4,93.2
2025-11-23,2025,11,72.3,71.6,60.5,,72.9,91.7,96.2
2025-11-24,2025,11,65.5,71.6,70.0,,64.3,89.3,95.8
2025-11-25,2025,11,54.4,62.2,56.3,,54.7,89.2,95.1
2025-11-26,2025,11,42.8,61.7,59.4,,70.2,90.4,94.6
2025-11-27,2025,11,49.1,69.2,62.0,,71.4,90.4,96.1
2025-11-28,2025,11,58.1,63.3,57.1,,61.6,92.5,96.6
2025-11-29,2025,11,58.8,63.3,70.4,,86.8,91.9,96.8
2025-11-30,2025,11,59.6,68.3,69.3,,89.3,91.9,95.8
2025-12-01,2025,12,49.5,68.3,68.9,,78.8,90.3,92.7
2025-12-02,2025,12,35.0,67.2,82.5,,73.2,91.2,93.4
2025-12-03,2025,12,20.7,77.2,56.2,,42.5,87.6,99.6
2025-12-07,2025,12,78.2,77.2,67.1,,43.0,79.9,99.0
2025-12-08,2025,12,85.7,68.9,65.1,,55.0,85.4,97.2
2025-12-09,2025,12,87.3,78.1,70.0,,63.4,83.5,95.5
2025-12-10,2025,12,84.4,83.2,76.0,,58.3,84.8,96.2
2025-12-11,2025,12,84.4,74.9,62.5,,75.3,84.8,95.2
2025-12-12,2025,12,78.7,59.6,51.9,,59.5,88.2,95.1
2025-12-13,2025,12,74.3,66.5,58.5,,59.5,89.0,94.5
2025-12-14,2025,12,78.3,58.0,68.4,,57.3,89.3,94.5
2025-12-15,2025,12,54.7,58.0,48.8,,57.3,88.5,96.6
2025-12-16,2025,12,65.6,46.1,62.2,,49.4,89.6,97.0
2025-12-17,2025,12,68.3,46.1,50.0,,53.6,89.0,95.0
2025-12-18,2025,12,61.6,63.7,47.05,,58.2,89.6,95.6
2025-12-19,2025,12,45.0,35.8,57.9,,45.1,89.6,97.8
2025-12-20,2025,12,56.1,68.3,57.9,,63.8,89.6,98.4
2025-12-21,2025,12,48.8,68.3,68.4,,63.8,89.6,97.2
2025-12-22,2025,12,50.0,63.4,63.0,,34.6,91.5,92.0
2025-12-23,2025,12,58.8,69.09,57.0,,47.0,90.2,92.5
2025-12-24,2025,12,62.2,64.4,57.0,,52.9,91.2,92.8
2025-12-25,2025,12,57.5,76.9,56.57,,51.8,91.0,92.0
2025-12-26,2025,12,66.1,81.2,62.2,,51.8,89.5,90.6
2025-12-27,2025,12,68.2,79.8,60.0,,67.1,88.8,90.7
2025-12-28,2025,12,75.4,81.4,81.3,,72.0,89.9,92.5
2025-12-29,2025,12,64.6,81.4,63.2,,52.5,88.2,90.9
2025-12-30,2025,12,71.4,77.2,64.7,,56.8,87.6,90.2
2025-12-31,2025,12,80.8,77.2,64.3,,71.4,84.2,88.2
2026-01-01,2026,1,69.4,74.0,74.7,,68.8,81.1,82.9
2026-01-02,2026,1,55.1,74.0,63.4,,58.0,77.6,89.8
2026-01-03,2026,1,59.2,81.4,72.0,,55.8,88.6,90.0
2026-01-04,2026,1,55.4,74.7,69.4,,53.8,91.81,92.8
2026-01-05,2026,1,50.7,,55.3,,52.6,89.4,91.4
2026-01-06,2026,1,56.4,,51.9,,45.7,86.5,91.4
2026-01-07,2026,1,54.0,72.1,54.7,,44.9,87.8,93.2
2026-01-08,2026,1,54.0,72.1,64.0,,44.9,87.8,92.9
2026-01-09,2026,1,66.0,72.1,65.9,,44.9,90.3,93.6
2026-01-10,2026,1,63.4,72.1,65.8,,55.8,91.3,94.4
2026-01-11,2026,1,70.09,74.8,73.0,,48.8,91.8,95.2
2026-01-12,2026,1,70.2,67.1,72.0,,59.5,86.1,91.0
2026-01-13,2026,1,77.3,67.1,74.0,,53.7,81.96,87.6
2026-01-14,2026,1,69.4,67.1,77.1,,61.5,80.9,85.7
2026-01-15,2026,1,63.7,67.9,66.3,,54.3,81.8,84.2
2026-01-16,2026,1,74.9,67.9,80.0,,55.3,83.6,87.1
2026-01-17,2026,1,70.3,73.6,70.9,,56.8,87.9,89.7
2026-01-18,2026,1,59.1,57.8,63.9,,36.3,91.3,94.0
2026-01-19,2026,1,66.1,61.5,69.1,,53.4,89.4,94.0
2026-01-20,2026,1,75.1,70.62,71.3,,56.58,88.9,95.1
2026-01-21,2026,1,73.3,70.62,76.6,,60.3,90.7,95.4
2026-01-22,2026,1,76.8,70.5,72.2,,66.7,92.8,96.6
2026-01-23,2026,1,68.5,70.5,66.7,,54.7,92.0,97.0
2026-01-24,2026,1,72.7,70.5,59.7,,68.5,92.0,95.7
2026-01-25,2026,1,86.0,70.5,79.7,,82.9,91.1,91.5
2026-01-26,2026,1,83.2,73.6,67.9,,66.7,90.4,93.0
2026-01-27,2026,1,71.9,62.5,64.2,,68.4,90.4,93.9
2026-01-28,2026,1,76.3,62.5,60.2,,74.1,87.2,91.4
2026-01-29,2026,1,74.5,62.5,60.2,,71.1,84.4,88.7
2026-01-30,2026,1,74.5,62.5,60.2,,71.1,84.4,88.7
2026-01-31,2026,1,73.5,72.8,65.5,,75.6,87.4,88.6
2026-02-01,2026,2,75.2,78.1,64.3,,63.4,89.4,91.2
2026-02-02,2026,2,70.4,72.7,58.4,,69.2,86.3,88.1
2026-02-03,2026,2,73.9,72.7,69.4,,53.0,83.6,87.9
2026-02-04,2026,2,76.4,72.7,62.2,,74.7,87.2,90.5
2026-02-05,2026,2,77.4,54.5,54.4,,72.0,88.5,91.9
2026-02-06,2026,2,75.3,65.1,60.9,,72.6,88.5,93.7
2026-02-07,2026,2,69.5,70.84,61.8,,67.09,88.5,94.06
2026-02-08,2026,2,67.7,59.1,61.3,,77.1,88.5,97.0
2026-02-09,2026,2,64.9,59.0,61.3,,61.7,91.8,95.6
2026-02-10,2026,2,75.2,68.5,56.0,,73.5,91.8,94.5
2026-02-11,2026,2,78.8,72.6,63.2,,85.5,91.8,95.0
2026-02-12,2026,2,74.8,59.3,51.1,,73.2,91.1,94.0
2026-02-13,2026,2,82.1,74.5,52.4,,77.7,86.8,94.3
2026-02-14,2026,2,83.3,77.0,53.7,,77.8,91.6,93.7
2026-02-15,2026,2,84.1,69.8,52.4,,73.8,91.8,94.5
2026-02-16,2026,2,77.3,64.6,60.5,,69.4,90.7,94.7
2026-02-17,2026,2,73.5,61.2,56.0,,72.1,89.1,93.0
2026-02-18,2026,2,72.5,61.2,54.0,,61.9,89.5,93.4
2026-02-19,2026,2,72.5,61.2,60.5,,60.0,88.6,92.6
2026-02-20,2026,2,86.8,70.5,60.5,,60.0,89.5,92.4
2026-02-21,2026,2,90.5,70.6,64.0,,65.9,90.3,93.6
2026-02-22,2026,2,84.5,71.0,70.1,,66.3,91.5,93.9
2026-02-23,2026,2,79.8,62.7,58.0,,63.0,89.5,91.1
2026-02-24,2026,2,86.6,81.8,65.0,,75.3,87.6,90.7
2026-02-25,2026,2,85.5,77.1,54.1,,80.2,88.67,92.6
2026-02-26,2026,2,89.1,81.0,56.1,,72.1,89.2,93.5
2026-02-27,2026,2,85.9,72.49,56.6,,86.52,90.72,93.7
2026-02-28,2026,2,87.1,79.05,50.6,,81.4,90.62,94.0
2026-03-01,2026,3,87.5,73.26,65.5,,75.58,87.22,91.1
2026-03-02,2026,3,95.6,91.69,65.5,,94.32,80.6,94.1
2026-03-03,2026,3,97.2,93.91,58.8,,95.6,70.69,75.0
2026-03-04,2026,3,98.3,92.7,50.6,,92.22,71.19,76.0
2026-03-05,2026,3,88.9,86.55,76.7,,87.78,81.35,87.5
2026-03-06,2026,3,90.6,75.2,52.8,,95.51,83.7,88.2
2026-03-07,2026,3,89.5,76.36,52.1,,80.0,86.9,89.6
2026-03-08,2026,3,90.0,65.23,68.9,,87.5,90.0,92.8
2026-03-09,2026,3,87.2,72.73,53.6,,86.52,89.35,92.6
2026-03-10,2026,3,88.8,76.49,48.1,,90.11,86.9,91.7
2026-03-11,2026,3,88.8,76.49,48.1,,90.11,86.9,91.7
2026-03-12,2026,3,89.1,80.43,57.0,,84.62,88.46,92.7
2026-03-13,2026,3,84.6,64.75,56.1,,91.4,89.6,93.7
2026-03-14,2026,3,85.1,74.58,50.6,,90.0,90.0,92.8
2026-03-15,2026,3,78.1,61.56,67.9,,76.92,89.64,92.8
2026-03-16,2026,3,83.4,61.08,50.6,,82.42,86.47,89.7
2026-03-17,2026,3,89.7,77.03,46.2,,87.91,85.02,88.3
2026-03-18,2026,3,76.5,69.25,36.7,,75.0,85.6,90.1
2026-03-19,2026,3,82.5,64.72,39.3,,77.66,82.89,86.1
2026-03-20,2026,3,87.5,64.72,54.4,,77.01,82.89,86.1
2026-03-21,2026,3,95.7,84.68,62.4,,92.86,80.52,78.77
2026-03-22,2026,3,93.1,78.36,52.9,,86.05,86.66,86.0
2026-03-23,2026,3,85.5,78.36,55.8,,83.72,84.29,85.9
2026-03-24,2026,3,92.0,85.95,57.0,,85.06,82.06,84.0
2026-03-25,2026,3,85.9,79.47,48.2,,71.43,83.21,84.1
2026-03-26,2026,3,89.1,79.47,45.2,,83.91,81.15,85.2
2026-03-27,2026,3,89.0,79.78,48.7,,81.61,83.22,86.3
2026-03-28,2026,3,80.6,78.95,50.6,,69.88,84.51,85.1
2026-03-29,2026,3,88.6,78.95,50.6,,93.9,83.37,84.7
2026-03-30,2026,3,89.9,89.37,47.1,,89.16,77.59,80.9
2026-03-31,2026,3,88.8,87.5,50.8,,75.9,77.2,80.3
2026-04-01,2026,4,90.0,87.6,52.6,,74.42,77.5,72.1
2026-04-02,2026,4,84.6,84.89,51.3,,77.65,79.52,72.7
2026-04-03,2026,4,90.3,84.89,45.6,,89.16,80.8,73.2
2026-04-04,2026,4,93.3,84.89,60.3,,85.54,78.38,69.8
2026-04-05,2026,4,93.1,91.78,60.0,,92.86,86.59,81.7
2026-04-06,2026,4,91.4,91.11,52.6,,85.71,82.55,82.2
2026-04-07,2026,4,91.4,86.23,50.7,,74.42,79.4,76.0
2026-04-08,2026,4,90.3,89.67,50.64,,69.66,80.39,78.8
2026-04-09,2026,4,86.6,88.49,50.6,,85.06,84.7,84.8
2026-04-11,2026,4,92.6,88.3,45.3,,91.95,85.1,81.8
2026-04-12,2026,4,96.4,94.99,57.9,,96.55,85.52,80.5
2026-04-13,2026,4,96.4,92.46,51.4,,95.4,79.88,74.5
2026-04-14,2026,4,94.8,92.88,45.6,,95.4,80.42,76.3
2026-04-15,2026,4,93.4,87.19,37.7,,80.9,81.6,80.5
2026-04-16,2026,4,86.4,84.68,42.4,,70.11,82.28,81.8
2026-04-17,2026,4,83.1,77.48,42.4,,74.42,83.04,84.8
2026-04-18,2026,4,81.8,81.56,41.3,,52.83,87.4,88.8
2026-04-19,2026,4,87.1,84.53,47.8,,87.6,87.9,86.8
2026-04-20,2026,4,89.7,87.34,48.6,,94.25,83.42,81.5
2026-04-21,2026,4,91.1,89.23,51.6,,86.36,81.6,79.8
2026-04-22,2026,4,87.3,81.27,48.6,,90.0,83.37,82.5
2026-04-23,2026,4,84.6,85.35,42.6,,92.13,81.9,80.1
2026-04-24,2026,4,86.4,88.67,51.6,,92.13,84.46,84.7
2026-04-25,2026,4,92.1,84.83,50.8,,90.59,84.46,84.6
2026-04-26,2026,4,90.2,84.83,44.6,,83.91,88.42,86.7
2026-04-27,2026,4,79.6,80.5,49.2,,82.5,85.8,84.1
2026-04-28,2026,4,84.6,83.33,46.7,,80.43,83.69,83.5
2026-04-29,2026,4,77.1,71.55,46.7,,78.72,85.23,84.0
2026-04-30,2026,4,75.8,70.74,43.1,,79.35,89.07,88.5
2026-05-01,2026,5,76.2,57.54,45.8,,51.06,87.6,82.6
2026-05-02,2026,5,85.8,57.54,41.2,,80.85,84.91,74.6
2026-05-03,2026,5,88.1,81.92,49.1,,76.92,88.37,85.4
2026-05-05,2026,5,75.6,79.61,41.8,,82.98,85.17,81.0
2026-05-04,2026,5,71.4,68.64,49.1,,68.6,84.4,81.0
2026-05-06,2026,5,80.6,85.07,45.5,,74.49,86.4,83.1
2026-05-07,2026,5,79.0,76.59,35.3,,73.68,85.71,85.1
2026-05-08,2026,5,77.1,68.25,30.8,,75.0,87.71,85.7
2026-05-09,2026,5,74.3,68.18,43.4,,72.63,88.32,85.5
2026-05-10,2026,5,87.0,83.99,46.2,,88.42,89.64,87.3
2026-05-11,2026,5,80.6,83.66,49.1,,84.38,86.47,83.7
2026-05-12,2026,5,83.3,87.15,54.0,,84.38,83.3,82.0
2026-05-13,2026,5,82.1,78.57,44.0,,77.23,85.35,83.1
2026-05-14,2026,5,83.7,73.86,50.0,,89.36,87.26,83.5
2026-05-15,2026,5,86.0,79.67,43.1,,95.88,88.4,87.9
2026-05-16,2026,5,87.1,82.96,48.2,,96.84,87.81,86.4
2026-05-17,2026,5,88.8,80.89,51.9,,83.16,89.21,88.7
2026-05-18,2026,5,84.0,66.29,63.0,,78.72,87.54,85.5
2026-05-19,2026,5,90.7,80.0,55.1,,96.74,84.82,84.3
2026-05-20,2026,5,86.5,82.29,54.0,,90.91,86.2,86.5
2026-05-21,2026,5,80.0,72.58,51.9,,76.84,87.77,87.2
2026-05-22,2026,5,83.3,72.58,46.3,,82.83,89.63,90.6
2026-05-23,2026,5,82.7,68.82,34.5,,76.84,90.22,89.5
2026-05-24,2026,5,92.3,84.25,55.6,,85.42,90.0,88.5
2026-05-25,2026,5,80.9,69.61,49.0,,68.42,87.39,87.2
2026-05-26,2026,5,83.4,83.79,48.0,,84.38,86.07,85.5
2026-05-27,2026,5,83.9,84.15,33.3,,84.38,87.43,86.2
2026-05-28,2026,5,84.1,84.15,45.0,,77.32,84.79,83.9
2026-05-29,2026,5,75.0,79.29,50.0,,77.32,82.95,84.4
2026-05-30,2026,5,77.2,79.29,47.1,,84.21,85.41,85.0
2026-05-31,2026,5,90.5,80.61,34.2,,88.54,87.48,87.7
2026-06-01,2026,6,87.8,84.73,47.1,,87.5,85.6,88.2
2026-06-02,2026,6,89.3,92.59,45.2,,87.5,84.57,86.7
2026-06-03,2026,6,92.3,92.59,50.0,,87.25,85.43,87.6
